,0
0,/vinbrain/nguyenphan/label_2k_imgs_and_file_name/label_2k_imgs/7/006299_033768_10.jpg
1,/vinbrain/nguyenphan/label_2k_imgs_and_file_name/label_2k_imgs/7/006045_028260_10.jpg
2,/vinbrain/nguyenphan/label_2k_imgs_and_file_name/label_2k_imgs/7/005977_027662_10.jpg
3,/vinbrain/nguyenphan/label_2k_imgs_and_file_name/label_2k_imgs/7/011782_003138_10.jpg
4,/vinbrain/nguyenphan/label_2k_imgs_and_file_name/label_2k_imgs/7/006348_034892_10.jpg
5,/vinbrain/nguyenphan/label_2k_imgs_and_file_name/label_2k_imgs/7/005780_025562_10.jpg
6,/vinbrain/nguyenphan/label_2k_imgs_and_file_name/label_2k_imgs/7/005763_025390_10.jpg
7,/vinbrain/nguyenphan/label_2k_imgs_and_file_name/label_2k_imgs/7/006013_028136_10.jpg
8,/vinbrain/nguyenphan/label_2k_imgs_and_file_name/label_2k_imgs/7/006379_035264_10.jpg
9,/vinbrain/nguyenphan/label_2k_imgs_and_file_name/label_2k_imgs/7/006390_035406_10.jpg
10,/vinbrain/nguyenphan/label_2k_imgs_and_file_name/label_2k_imgs/7/005835_027110_10.jpg
11,/vinbrain/nguyenphan/label_2k_imgs_and_file_name/label_2k_imgs/7/005992_027937_10.jpg
12,/vinbrain/nguyenphan/label_2k_imgs_and_file_name/label_2k_imgs/7/006323_034789_10.jpg
13,/vinbrain/nguyenphan/label_2k_imgs_and_file_name/label_2k_imgs/7/011860_003736_10.jpg
14,/vinbrain/nguyenphan/label_2k_imgs_and_file_name/label_2k_imgs/7/012098_006147_10.jpg
15,/vinbrain/nguyenphan/label_2k_imgs_and_file_name/label_2k_imgs/7/006379_035184_10.jpg
16,/vinbrain/nguyenphan/label_2k_imgs_and_file_name/label_2k_imgs/7/005835_027288_10.jpg
17,/vinbrain/nguyenphan/label_2k_imgs_and_file_name/label_2k_imgs/7/005835_027025_10.jpg
18,/vinbrain/nguyenphan/label_2k_imgs_and_file_name/label_2k_imgs/7/005710_024509_10.jpg
19,/vinbrain/nguyenphan/label_2k_imgs_and_file_name/label_2k_imgs/7/005793_025729_10.jpg
20,/vinbrain/nguyenphan/label_2k_imgs_and_file_name/label_2k_imgs/7/006152_030486_10.jpg
21,/vinbrain/nguyenphan/label_2k_imgs_and_file_name/label_2k_imgs/7/006276_032784_10.jpg
22,/vinbrain/nguyenphan/label_2k_imgs_and_file_name/label_2k_imgs/7/006047_028337_10.jpg
23,/vinbrain/nguyenphan/label_2k_imgs_and_file_name/label_2k_imgs/7/005835_027348_10.jpg
24,/vinbrain/nguyenphan/label_2k_imgs_and_file_name/label_2k_imgs/7/006379_035213_10.jpg
25,/vinbrain/nguyenphan/label_2k_imgs_and_file_name/label_2k_imgs/7/005835_027012_10.jpg
26,/vinbrain/nguyenphan/label_2k_imgs_and_file_name/label_2k_imgs/7/005710_024826_10.jpg
27,/vinbrain/nguyenphan/label_2k_imgs_and_file_name/label_2k_imgs/7/006053_028314_10.jpg
28,/vinbrain/nguyenphan/label_2k_imgs_and_file_name/label_2k_imgs/7/006289_033108_10.jpg
29,/vinbrain/nguyenphan/label_2k_imgs_and_file_name/label_2k_imgs/7/011968_004329_10.jpg
30,/vinbrain/nguyenphan/label_2k_imgs_and_file_name/label_2k_imgs/7/006291_033313_10.jpg
31,/vinbrain/nguyenphan/label_2k_imgs_and_file_name/label_2k_imgs/7/005802_026527_10.jpg
32,/vinbrain/nguyenphan/label_2k_imgs_and_file_name/label_2k_imgs/7/005793_025608_10.jpg
33,/vinbrain/nguyenphan/label_2k_imgs_and_file_name/label_2k_imgs/7/006390_035367_10.jpg
34,/vinbrain/nguyenphan/label_2k_imgs_and_file_name/label_2k_imgs/7/005986_027989_10.jpg
35,/vinbrain/nguyenphan/label_2k_imgs_and_file_name/label_2k_imgs/7/005802_026479_10.jpg
36,/vinbrain/nguyenphan/label_2k_imgs_and_file_name/label_2k_imgs/7/006245_032441_10.jpg
37,/vinbrain/nguyenphan/label_2k_imgs_and_file_name/label_2k_imgs/7/011880_003943_10.jpg
38,/vinbrain/nguyenphan/label_2k_imgs_and_file_name/label_2k_imgs/7/011502_000371_10.jpg
39,/vinbrain/nguyenphan/label_2k_imgs_and_file_name/label_2k_imgs/7/005824_026847_10.jpg
40,/vinbrain/nguyenphan/label_2k_imgs_and_file_name/label_2k_imgs/7/005988_027869_10.jpg
41,/vinbrain/nguyenphan/label_2k_imgs_and_file_name/label_2k_imgs/7/005835_027256_10.jpg
42,/vinbrain/nguyenphan/label_2k_imgs_and_file_name/label_2k_imgs/7/006113_028907_10.jpg
43,/vinbrain/nguyenphan/label_2k_imgs_and_file_name/label_2k_imgs/7/005842_026931_10.jpg
44,/vinbrain/nguyenphan/label_2k_imgs_and_file_name/label_2k_imgs/7/006160_030736_10.jpg
45,/vinbrain/nguyenphan/label_2k_imgs_and_file_name/label_2k_imgs/7/006048_028277_10.jpg
46,/vinbrain/nguyenphan/label_2k_imgs_and_file_name/label_2k_imgs/7/006229_032257_10.jpg
47,/vinbrain/nguyenphan/label_2k_imgs_and_file_name/label_2k_imgs/7/005793_026400_10.jpg
48,/vinbrain/nguyenphan/label_2k_imgs_and_file_name/label_2k_imgs/7/011824_003576_10.jpg
49,/vinbrain/nguyenphan/label_2k_imgs_and_file_name/label_2k_imgs/7/005986_027927_10.jpg
50,/vinbrain/nguyenphan/label_2k_imgs_and_file_name/label_2k_imgs/7/011823_003509_10.jpg
51,/vinbrain/nguyenphan/label_2k_imgs_and_file_name/label_2k_imgs/7/006080_028534_10.jpg
52,/vinbrain/nguyenphan/label_2k_imgs_and_file_name/label_2k_imgs/7/006379_035106_10.jpg
53,/vinbrain/nguyenphan/label_2k_imgs_and_file_name/label_2k_imgs/7/006379_035109_10.jpg
54,/vinbrain/nguyenphan/label_2k_imgs_and_file_name/label_2k_imgs/7/005986_027937_10.jpg
55,/vinbrain/nguyenphan/label_2k_imgs_and_file_name/label_2k_imgs/7/011490_000021_10.jpg
56,/vinbrain/nguyenphan/label_2k_imgs_and_file_name/label_2k_imgs/7/005793_025668_10.jpg
57,/vinbrain/nguyenphan/label_2k_imgs_and_file_name/label_2k_imgs/7/011757_002849_10.jpg
58,/vinbrain/nguyenphan/label_2k_imgs_and_file_name/label_2k_imgs/7/011489_000011_10.jpg
59,/vinbrain/nguyenphan/label_2k_imgs_and_file_name/label_2k_imgs/7/005774_025489_10.jpg
60,/vinbrain/nguyenphan/label_2k_imgs_and_file_name/label_2k_imgs/7/005793_025698_10.jpg
61,/vinbrain/nguyenphan/label_2k_imgs_and_file_name/label_2k_imgs/7/011868_003759_10.jpg
62,/vinbrain/nguyenphan/label_2k_imgs_and_file_name/label_2k_imgs/7/006112_028874_10.jpg
63,/vinbrain/nguyenphan/label_2k_imgs_and_file_name/label_2k_imgs/7/006335_034814_10.jpg
64,/vinbrain/nguyenphan/label_2k_imgs_and_file_name/label_2k_imgs/7/011915_004126_10.jpg
65,/vinbrain/nguyenphan/label_2k_imgs_and_file_name/label_2k_imgs/7/005793_025745_10.jpg
66,/vinbrain/nguyenphan/label_2k_imgs_and_file_name/label_2k_imgs/7/005751_025267_10.jpg
67,/vinbrain/nguyenphan/label_2k_imgs_and_file_name/label_2k_imgs/7/005835_027411_10.jpg
68,/vinbrain/nguyenphan/label_2k_imgs_and_file_name/label_2k_imgs/7/005986_028015_10.jpg
69,/vinbrain/nguyenphan/label_2k_imgs_and_file_name/label_2k_imgs/7/006074_028492_10.jpg
70,/vinbrain/nguyenphan/label_2k_imgs_and_file_name/label_2k_imgs/7/011959_004247_10.jpg
71,/vinbrain/nguyenphan/label_2k_imgs_and_file_name/label_2k_imgs/7/005770_025419_10.jpg
72,/vinbrain/nguyenphan/label_2k_imgs_and_file_name/label_2k_imgs/7/011821_003478_10.jpg
73,/vinbrain/nguyenphan/label_2k_imgs_and_file_name/label_2k_imgs/7/006146_030388_10.jpg
74,/vinbrain/nguyenphan/label_2k_imgs_and_file_name/label_2k_imgs/7/006278_032800_10.jpg
75,/vinbrain/nguyenphan/label_2k_imgs_and_file_name/label_2k_imgs/7/006390_035362_10.jpg
76,/vinbrain/nguyenphan/label_2k_imgs_and_file_name/label_2k_imgs/7/006152_030477_10.jpg
77,/vinbrain/nguyenphan/label_2k_imgs_and_file_name/label_2k_imgs/7/011955_004217_10.jpg
78,/vinbrain/nguyenphan/label_2k_imgs_and_file_name/label_2k_imgs/7/006160_030781_10.jpg
79,/vinbrain/nguyenphan/label_2k_imgs_and_file_name/label_2k_imgs/7/005835_027492_10.jpg
80,/vinbrain/nguyenphan/label_2k_imgs_and_file_name/label_2k_imgs/7/005760_025348_10.jpg
81,/vinbrain/nguyenphan/label_2k_imgs_and_file_name/label_2k_imgs/7/005986_027913_10.jpg
82,/vinbrain/nguyenphan/label_2k_imgs_and_file_name/label_2k_imgs/7/005710_024717_10.jpg
83,/vinbrain/nguyenphan/label_2k_imgs_and_file_name/label_2k_imgs/7/011821_003480_10.jpg
84,/vinbrain/nguyenphan/label_2k_imgs_and_file_name/label_2k_imgs/7/011869_003781_10.jpg
85,/vinbrain/nguyenphan/label_2k_imgs_and_file_name/label_2k_imgs/7/011500_000286_10.jpg
86,/vinbrain/nguyenphan/label_2k_imgs_and_file_name/label_2k_imgs/7/011653_001694_10.jpg
87,/vinbrain/nguyenphan/label_2k_imgs_and_file_name/label_2k_imgs/7/012149_007257_10.jpg
88,/vinbrain/nguyenphan/label_2k_imgs_and_file_name/label_2k_imgs/7/006378_035123_10.jpg
89,/vinbrain/nguyenphan/label_2k_imgs_and_file_name/label_2k_imgs/7/006345_034873_10.jpg
90,/vinbrain/nguyenphan/label_2k_imgs_and_file_name/label_2k_imgs/7/005793_026298_10.jpg
91,/vinbrain/nguyenphan/label_2k_imgs_and_file_name/label_2k_imgs/7/006220_031954_10.jpg
92,/vinbrain/nguyenphan/label_2k_imgs_and_file_name/label_2k_imgs/7/005793_025930_10.jpg
93,/vinbrain/nguyenphan/label_2k_imgs_and_file_name/label_2k_imgs/7/006144_030285_10.jpg
94,/vinbrain/nguyenphan/label_2k_imgs_and_file_name/label_2k_imgs/7/011957_004228_10.jpg
95,/vinbrain/nguyenphan/label_2k_imgs_and_file_name/label_2k_imgs/7/005986_027968_10.jpg
96,/vinbrain/nguyenphan/label_2k_imgs_and_file_name/label_2k_imgs/7/006289_033126_10.jpg
97,/vinbrain/nguyenphan/label_2k_imgs_and_file_name/label_2k_imgs/7/005710_024618_10.jpg
98,/vinbrain/nguyenphan/label_2k_imgs_and_file_name/label_2k_imgs/7/005986_027953_10.jpg
99,/vinbrain/nguyenphan/label_2k_imgs_and_file_name/label_2k_imgs/7/005793_025970_10.jpg
100,/vinbrain/nguyenphan/label_2k_imgs_and_file_name/label_2k_imgs/7/005793_026114_10.jpg
101,/vinbrain/nguyenphan/label_2k_imgs_and_file_name/label_2k_imgs/7/005827_026854_10.jpg
102,/vinbrain/nguyenphan/label_2k_imgs_and_file_name/label_2k_imgs/7/005710_024806_10.jpg
103,/vinbrain/nguyenphan/label_2k_imgs_and_file_name/label_2k_imgs/7/011784_003216_10.jpg
104,/vinbrain/nguyenphan/label_2k_imgs_and_file_name/label_2k_imgs/7/005835_026968_10.jpg
105,/vinbrain/nguyenphan/label_2k_imgs_and_file_name/label_2k_imgs/7/005793_026378_10.jpg
106,/vinbrain/nguyenphan/label_2k_imgs_and_file_name/label_2k_imgs/7/005835_026972_10.jpg
107,/vinbrain/nguyenphan/label_2k_imgs_and_file_name/label_2k_imgs/7/011494_000154_10.jpg
108,/vinbrain/nguyenphan/label_2k_imgs_and_file_name/label_2k_imgs/7/005835_027020_10.jpg
109,/vinbrain/nguyenphan/label_2k_imgs_and_file_name/label_2k_imgs/7/006105_028696_10.jpg
110,/vinbrain/nguyenphan/label_2k_imgs_and_file_name/label_2k_imgs/7/011500_000251_10.jpg
111,/vinbrain/nguyenphan/label_2k_imgs_and_file_name/label_2k_imgs/7/011743_002668_10.jpg
112,/vinbrain/nguyenphan/label_2k_imgs_and_file_name/label_2k_imgs/7/011881_003914_10.jpg
113,/vinbrain/nguyenphan/label_2k_imgs_and_file_name/label_2k_imgs/7/011743_002704_10.jpg
114,/vinbrain/nguyenphan/label_2k_imgs_and_file_name/label_2k_imgs/7/005802_026526_10.jpg
115,/vinbrain/nguyenphan/label_2k_imgs_and_file_name/label_2k_imgs/7/005765_025366_10.jpg
116,/vinbrain/nguyenphan/label_2k_imgs_and_file_name/label_2k_imgs/7/011785_003238_10.jpg
117,/vinbrain/nguyenphan/label_2k_imgs_and_file_name/label_2k_imgs/7/005802_026573_10.jpg
118,/vinbrain/nguyenphan/label_2k_imgs_and_file_name/label_2k_imgs/7/006379_035240_10.jpg
119,/vinbrain/nguyenphan/label_2k_imgs_and_file_name/label_2k_imgs/7/006302_034139_10.jpg
120,/vinbrain/nguyenphan/label_2k_imgs_and_file_name/label_2k_imgs/7/005986_027887_10.jpg
121,/vinbrain/nguyenphan/label_2k_imgs_and_file_name/label_2k_imgs/7/006165_030905_10.jpg
122,/vinbrain/nguyenphan/label_2k_imgs_and_file_name/label_2k_imgs/7/006117_029057_10.jpg
123,/vinbrain/nguyenphan/label_2k_imgs_and_file_name/label_2k_imgs/7/005763_025385_10.jpg
124,/vinbrain/nguyenphan/label_2k_imgs_and_file_name/label_2k_imgs/7/005802_026624_10.jpg
125,/vinbrain/nguyenphan/label_2k_imgs_and_file_name/label_2k_imgs/7/006379_035152_10.jpg
126,/vinbrain/nguyenphan/label_2k_imgs_and_file_name/label_2k_imgs/7/005774_025520_10.jpg
127,/vinbrain/nguyenphan/label_2k_imgs_and_file_name/label_2k_imgs/7/005793_025819_10.jpg
128,/vinbrain/nguyenphan/label_2k_imgs_and_file_name/label_2k_imgs/7/005835_027183_10.jpg
129,/vinbrain/nguyenphan/label_2k_imgs_and_file_name/label_2k_imgs/7/006379_035117_10.jpg
130,/vinbrain/nguyenphan/label_2k_imgs_and_file_name/label_2k_imgs/7/006164_030872_10.jpg
131,/vinbrain/nguyenphan/label_2k_imgs_and_file_name/label_2k_imgs/7/006194_031208_10.jpg
132,/vinbrain/nguyenphan/label_2k_imgs_and_file_name/label_2k_imgs/7/005793_026001_10.jpg
133,/vinbrain/nguyenphan/label_2k_imgs_and_file_name/label_2k_imgs/7/005830_026868_10.jpg
134,/vinbrain/nguyenphan/label_2k_imgs_and_file_name/label_2k_imgs/7/006299_033764_10.jpg
135,/vinbrain/nguyenphan/label_2k_imgs_and_file_name/label_2k_imgs/7/005710_024673_10.jpg
136,/vinbrain/nguyenphan/label_2k_imgs_and_file_name/label_2k_imgs/7/005871_027178_10.jpg
137,/vinbrain/nguyenphan/label_2k_imgs_and_file_name/label_2k_imgs/7/005710_024813_10.jpg
138,/vinbrain/nguyenphan/label_2k_imgs_and_file_name/label_2k_imgs/7/012176_007443_10.jpg
139,/vinbrain/nguyenphan/label_2k_imgs_and_file_name/label_2k_imgs/7/005793_025588_10.jpg
140,/vinbrain/nguyenphan/label_2k_imgs_and_file_name/label_2k_imgs/7/011489_000024_10.jpg
141,/vinbrain/nguyenphan/label_2k_imgs_and_file_name/label_2k_imgs/7/006113_028957_10.jpg
142,/vinbrain/nguyenphan/label_2k_imgs_and_file_name/label_2k_imgs/7/011788_003276_10.jpg
143,/vinbrain/nguyenphan/label_2k_imgs_and_file_name/label_2k_imgs/7/011591_001384_10.jpg
144,/vinbrain/nguyenphan/label_2k_imgs_and_file_name/label_2k_imgs/7/005774_025453_10.jpg
145,/vinbrain/nguyenphan/label_2k_imgs_and_file_name/label_2k_imgs/7/011489_000026_10.jpg
146,/vinbrain/nguyenphan/label_2k_imgs_and_file_name/label_2k_imgs/7/005835_027373_10.jpg
147,/vinbrain/nguyenphan/label_2k_imgs_and_file_name/label_2k_imgs/7/005793_025777_10.jpg
148,/vinbrain/nguyenphan/label_2k_imgs_and_file_name/label_2k_imgs/7/011868_003747_10.jpg
149,/vinbrain/nguyenphan/label_2k_imgs_and_file_name/label_2k_imgs/7/012101_006320_10.jpg
150,/vinbrain/nguyenphan/label_2k_imgs_and_file_name/label_2k_imgs/7/011743_002709_10.jpg
151,/vinbrain/nguyenphan/label_2k_imgs_and_file_name/label_2k_imgs/7/005730_025025_10.jpg
152,/vinbrain/nguyenphan/label_2k_imgs_and_file_name/label_2k_imgs/7/011929_004170_10.jpg
153,/vinbrain/nguyenphan/label_2k_imgs_and_file_name/label_2k_imgs/7/011521_000514_10.jpg
154,/vinbrain/nguyenphan/label_2k_imgs_and_file_name/label_2k_imgs/7/006323_034770_10.jpg
155,/vinbrain/nguyenphan/label_2k_imgs_and_file_name/label_2k_imgs/7/006368_035007_10.jpg
156,/vinbrain/nguyenphan/label_2k_imgs_and_file_name/label_2k_imgs/7/006047_028276_10.jpg
157,/vinbrain/nguyenphan/label_2k_imgs_and_file_name/label_2k_imgs/7/006124_029499_10.jpg
158,/vinbrain/nguyenphan/label_2k_imgs_and_file_name/label_2k_imgs/7/006409_035509_10.jpg
159,/vinbrain/nguyenphan/label_2k_imgs_and_file_name/label_2k_imgs/7/006200_031225_10.jpg
160,/vinbrain/nguyenphan/label_2k_imgs_and_file_name/label_2k_imgs/7/006194_031171_10.jpg
161,/vinbrain/nguyenphan/label_2k_imgs_and_file_name/label_2k_imgs/7/005802_026671_10.jpg
162,/vinbrain/nguyenphan/label_2k_imgs_and_file_name/label_2k_imgs/7/006396_035437_10.jpg
163,/vinbrain/nguyenphan/label_2k_imgs_and_file_name/label_2k_imgs/7/006345_034889_10.jpg
164,/vinbrain/nguyenphan/label_2k_imgs_and_file_name/label_2k_imgs/7/005793_025690_10.jpg
165,/vinbrain/nguyenphan/label_2k_imgs_and_file_name/label_2k_imgs/7/006383_035203_10.jpg
166,/vinbrain/nguyenphan/label_2k_imgs_and_file_name/label_2k_imgs/7/005986_028005_10.jpg
167,/vinbrain/nguyenphan/label_2k_imgs_and_file_name/label_2k_imgs/7/011999_004499_10.jpg
168,/vinbrain/nguyenphan/label_2k_imgs_and_file_name/label_2k_imgs/7/005767_025393_10.jpg
169,/vinbrain/nguyenphan/label_2k_imgs_and_file_name/label_2k_imgs/7/011818_003397_10.jpg
170,/vinbrain/nguyenphan/label_2k_imgs_and_file_name/label_2k_imgs/7/011542_001245_10.jpg
171,/vinbrain/nguyenphan/label_2k_imgs_and_file_name/label_2k_imgs/7/005986_027983_10.jpg
172,/vinbrain/nguyenphan/label_2k_imgs_and_file_name/label_2k_imgs/7/011959_004239_10.jpg
173,/vinbrain/nguyenphan/label_2k_imgs_and_file_name/label_2k_imgs/7/005743_025158_10.jpg
174,/vinbrain/nguyenphan/label_2k_imgs_and_file_name/label_2k_imgs/7/012009_004813_10.jpg
175,/vinbrain/nguyenphan/label_2k_imgs_and_file_name/label_2k_imgs/7/005989_027898_10.jpg
176,/vinbrain/nguyenphan/label_2k_imgs_and_file_name/label_2k_imgs/7/005835_027218_10.jpg
177,/vinbrain/nguyenphan/label_2k_imgs_and_file_name/label_2k_imgs/7/005802_026649_10.jpg
178,/vinbrain/nguyenphan/label_2k_imgs_and_file_name/label_2k_imgs/7/005835_027310_10.jpg
179,/vinbrain/nguyenphan/label_2k_imgs_and_file_name/label_2k_imgs/7/006113_028901_10.jpg
180,/vinbrain/nguyenphan/label_2k_imgs_and_file_name/label_2k_imgs/7/006396_035455_10.jpg
181,/vinbrain/nguyenphan/label_2k_imgs_and_file_name/label_2k_imgs/7/005793_025667_10.jpg
182,/vinbrain/nguyenphan/label_2k_imgs_and_file_name/label_2k_imgs/7/011743_002667_10.jpg
183,/vinbrain/nguyenphan/label_2k_imgs_and_file_name/label_2k_imgs/7/006071_028433_10.jpg
184,/vinbrain/nguyenphan/label_2k_imgs_and_file_name/label_2k_imgs/7/006290_033181_10.jpg
185,/vinbrain/nguyenphan/label_2k_imgs_and_file_name/label_2k_imgs/7/011541_001238_10.jpg
186,/vinbrain/nguyenphan/label_2k_imgs_and_file_name/label_2k_imgs/7/005824_026837_10.jpg
187,/vinbrain/nguyenphan/label_2k_imgs_and_file_name/label_2k_imgs/7/006290_033179_10.jpg
188,/vinbrain/nguyenphan/label_2k_imgs_and_file_name/label_2k_imgs/7/011542_001243_10.jpg
189,/vinbrain/nguyenphan/label_2k_imgs_and_file_name/label_2k_imgs/7/006071_028450_10.jpg
190,/vinbrain/nguyenphan/label_2k_imgs_and_file_name/label_2k_imgs/7/005710_024701_10.jpg
191,/vinbrain/nguyenphan/label_2k_imgs_and_file_name/label_2k_imgs/7/006041_028197_10.jpg
192,/vinbrain/nguyenphan/label_2k_imgs_and_file_name/label_2k_imgs/7/006289_033109_10.jpg
193,/vinbrain/nguyenphan/label_2k_imgs_and_file_name/label_2k_imgs/7/005710_024585_10.jpg
194,/vinbrain/nguyenphan/label_2k_imgs_and_file_name/label_2k_imgs/7/006378_035114_10.jpg
195,/vinbrain/nguyenphan/label_2k_imgs_and_file_name/label_2k_imgs/7/005835_026941_10.jpg
196,/vinbrain/nguyenphan/label_2k_imgs_and_file_name/label_2k_imgs/7/006144_030261_10.jpg
197,/vinbrain/nguyenphan/label_2k_imgs_and_file_name/label_2k_imgs/7/006249_032643_10.jpg
198,/vinbrain/nguyenphan/label_2k_imgs_and_file_name/label_2k_imgs/7/005793_025697_10.jpg
199,/vinbrain/nguyenphan/label_2k_imgs_and_file_name/label_2k_imgs/7/005793_026099_10.jpg
200,/vinbrain/nguyenphan/label_2k_imgs_and_file_name/label_2k_imgs/7/006074_028493_10.jpg
201,/vinbrain/nguyenphan/label_2k_imgs_and_file_name/label_2k_imgs/7/005835_026912_10.jpg
202,/vinbrain/nguyenphan/label_2k_imgs_and_file_name/label_2k_imgs/7/011748_002686_10.jpg
203,/vinbrain/nguyenphan/label_2k_imgs_and_file_name/label_2k_imgs/7/006379_035167_10.jpg
204,/vinbrain/nguyenphan/label_2k_imgs_and_file_name/label_2k_imgs/7/006003_028005_10.jpg
205,/vinbrain/nguyenphan/label_2k_imgs_and_file_name/label_2k_imgs/7/005793_026222_10.jpg
206,/vinbrain/nguyenphan/label_2k_imgs_and_file_name/label_2k_imgs/7/005873_027204_10.jpg
207,/vinbrain/nguyenphan/label_2k_imgs_and_file_name/label_2k_imgs/7/006159_030702_10.jpg
208,/vinbrain/nguyenphan/label_2k_imgs_and_file_name/label_2k_imgs/7/006390_035404_10.jpg
209,/vinbrain/nguyenphan/label_2k_imgs_and_file_name/label_2k_imgs/7/006105_028673_10.jpg
210,/vinbrain/nguyenphan/label_2k_imgs_and_file_name/label_2k_imgs/7/011490_000032_10.jpg
211,/vinbrain/nguyenphan/label_2k_imgs_and_file_name/label_2k_imgs/7/006093_028643_10.jpg
212,/vinbrain/nguyenphan/label_2k_imgs_and_file_name/label_2k_imgs/7/006132_029991_10.jpg
213,/vinbrain/nguyenphan/label_2k_imgs_and_file_name/label_2k_imgs/7/005986_027856_10.jpg
214,/vinbrain/nguyenphan/label_2k_imgs_and_file_name/label_2k_imgs/7/006083_028594_10.jpg
215,/vinbrain/nguyenphan/label_2k_imgs_and_file_name/label_2k_imgs/7/005842_026928_10.jpg
216,/vinbrain/nguyenphan/label_2k_imgs_and_file_name/label_2k_imgs/7/006291_033315_10.jpg
217,/vinbrain/nguyenphan/label_2k_imgs_and_file_name/label_2k_imgs/7/006190_031056_10.jpg
218,/vinbrain/nguyenphan/label_2k_imgs_and_file_name/label_2k_imgs/7/011975_004401_10.jpg
219,/vinbrain/nguyenphan/label_2k_imgs_and_file_name/label_2k_imgs/7/006378_035133_10.jpg
220,/vinbrain/nguyenphan/label_2k_imgs_and_file_name/label_2k_imgs/7/005793_026026_10.jpg
221,/vinbrain/nguyenphan/label_2k_imgs_and_file_name/label_2k_imgs/7/006105_028679_10.jpg
222,/vinbrain/nguyenphan/label_2k_imgs_and_file_name/label_2k_imgs/7/011859_003691_10.jpg
223,/vinbrain/nguyenphan/label_2k_imgs_and_file_name/label_2k_imgs/7/005793_026360_10.jpg
224,/vinbrain/nguyenphan/label_2k_imgs_and_file_name/label_2k_imgs/7/006047_028280_10.jpg
225,/vinbrain/nguyenphan/label_2k_imgs_and_file_name/label_2k_imgs/7/006398_035471_10.jpg
226,/vinbrain/nguyenphan/label_2k_imgs_and_file_name/label_2k_imgs/7/012101_006303_10.jpg
227,/vinbrain/nguyenphan/label_2k_imgs_and_file_name/label_2k_imgs/7/005763_025370_10.jpg
228,/vinbrain/nguyenphan/label_2k_imgs_and_file_name/label_2k_imgs/7/005793_025712_10.jpg
229,/vinbrain/nguyenphan/label_2k_imgs_and_file_name/label_2k_imgs/7/005802_026521_10.jpg
230,/vinbrain/nguyenphan/label_2k_imgs_and_file_name/label_2k_imgs/7/006103_028677_10.jpg
231,/vinbrain/nguyenphan/label_2k_imgs_and_file_name/label_2k_imgs/7/006087_028610_10.jpg
232,/vinbrain/nguyenphan/label_2k_imgs_and_file_name/label_2k_imgs/7/011743_002716_10.jpg
233,/vinbrain/nguyenphan/label_2k_imgs_and_file_name/label_2k_imgs/7/006343_034843_10.jpg
234,/vinbrain/nguyenphan/label_2k_imgs_and_file_name/label_2k_imgs/7/011591_001371_10.jpg
235,/vinbrain/nguyenphan/label_2k_imgs_and_file_name/label_2k_imgs/7/011905_004038_10.jpg
236,/vinbrain/nguyenphan/label_2k_imgs_and_file_name/label_2k_imgs/7/005824_026833_10.jpg
237,/vinbrain/nguyenphan/label_2k_imgs_and_file_name/label_2k_imgs/7/005793_026312_10.jpg
238,/vinbrain/nguyenphan/label_2k_imgs_and_file_name/label_2k_imgs/7/006071_028424_10.jpg
239,/vinbrain/nguyenphan/label_2k_imgs_and_file_name/label_2k_imgs/7/011823_003531_10.jpg
240,/vinbrain/nguyenphan/label_2k_imgs_and_file_name/label_2k_imgs/7/011653_001703_10.jpg
241,/vinbrain/nguyenphan/label_2k_imgs_and_file_name/label_2k_imgs/7/005793_025873_10.jpg
242,/vinbrain/nguyenphan/label_2k_imgs_and_file_name/label_2k_imgs/7/011781_003087_10.jpg
243,/vinbrain/nguyenphan/label_2k_imgs_and_file_name/label_2k_imgs/7/005802_026687_10.jpg
244,/vinbrain/nguyenphan/label_2k_imgs_and_file_name/label_2k_imgs/7/005793_026061_10.jpg
245,/vinbrain/nguyenphan/label_2k_imgs_and_file_name/label_2k_imgs/7/006300_033835_10.jpg
246,/vinbrain/nguyenphan/label_2k_imgs_and_file_name/label_2k_imgs/7/006290_033186_10.jpg
247,/vinbrain/nguyenphan/label_2k_imgs_and_file_name/label_2k_imgs/7/005835_027160_10.jpg
248,/vinbrain/nguyenphan/label_2k_imgs_and_file_name/label_2k_imgs/7/005780_025555_10.jpg
249,/vinbrain/nguyenphan/label_2k_imgs_and_file_name/label_2k_imgs/7/006293_033403_10.jpg
