,0
0,/vinbrain/nguyenphan/label_2k_imgs_and_file_name/label_2k_imgs/6/004902_015690_10.jpg
1,/vinbrain/nguyenphan/label_2k_imgs_and_file_name/label_2k_imgs/6/005563_021491_10.jpg
2,/vinbrain/nguyenphan/label_2k_imgs_and_file_name/label_2k_imgs/6/005670_023665_10.jpg
3,/vinbrain/nguyenphan/label_2k_imgs_and_file_name/label_2k_imgs/6/004870_015450_10.jpg
4,/vinbrain/nguyenphan/label_2k_imgs_and_file_name/label_2k_imgs/6/004969_016309_10.jpg
5,/vinbrain/nguyenphan/label_2k_imgs_and_file_name/label_2k_imgs/6/005431_019967_10.jpg
6,/vinbrain/nguyenphan/label_2k_imgs_and_file_name/label_2k_imgs/6/005498_020865_10.jpg
7,/vinbrain/nguyenphan/label_2k_imgs_and_file_name/label_2k_imgs/6/005224_018542_10.jpg
8,/vinbrain/nguyenphan/label_2k_imgs_and_file_name/label_2k_imgs/6/005280_019226_10.jpg
9,/vinbrain/nguyenphan/label_2k_imgs_and_file_name/label_2k_imgs/6/005036_017843_10.jpg
10,/vinbrain/nguyenphan/label_2k_imgs_and_file_name/label_2k_imgs/6/005701_024036_10.jpg
11,/vinbrain/nguyenphan/label_2k_imgs_and_file_name/label_2k_imgs/6/005280_019231_10.jpg
12,/vinbrain/nguyenphan/label_2k_imgs_and_file_name/label_2k_imgs/6/005591_021786_10.jpg
13,/vinbrain/nguyenphan/label_2k_imgs_and_file_name/label_2k_imgs/6/005036_017678_10.jpg
14,/vinbrain/nguyenphan/label_2k_imgs_and_file_name/label_2k_imgs/6/005706_024047_10.jpg
15,/vinbrain/nguyenphan/label_2k_imgs_and_file_name/label_2k_imgs/6/005516_021101_10.jpg
16,/vinbrain/nguyenphan/label_2k_imgs_and_file_name/label_2k_imgs/6/005615_022493_10.jpg
17,/vinbrain/nguyenphan/label_2k_imgs_and_file_name/label_2k_imgs/6/005002_017285_10.jpg
18,/vinbrain/nguyenphan/label_2k_imgs_and_file_name/label_2k_imgs/6/005152_018249_10.jpg
19,/vinbrain/nguyenphan/label_2k_imgs_and_file_name/label_2k_imgs/6/005566_021552_10.jpg
20,/vinbrain/nguyenphan/label_2k_imgs_and_file_name/label_2k_imgs/6/005516_021094_10.jpg
21,/vinbrain/nguyenphan/label_2k_imgs_and_file_name/label_2k_imgs/6/004995_017206_10.jpg
22,/vinbrain/nguyenphan/label_2k_imgs_and_file_name/label_2k_imgs/6/005019_017477_10.jpg
23,/vinbrain/nguyenphan/label_2k_imgs_and_file_name/label_2k_imgs/6/005257_018817_10.jpg
24,/vinbrain/nguyenphan/label_2k_imgs_and_file_name/label_2k_imgs/6/005609_022388_10.jpg
25,/vinbrain/nguyenphan/label_2k_imgs_and_file_name/label_2k_imgs/6/005516_021106_10.jpg
26,/vinbrain/nguyenphan/label_2k_imgs_and_file_name/label_2k_imgs/6/004991_016843_10.jpg
27,/vinbrain/nguyenphan/label_2k_imgs_and_file_name/label_2k_imgs/6/005428_019772_10.jpg
28,/vinbrain/nguyenphan/label_2k_imgs_and_file_name/label_2k_imgs/6/005434_020208_10.jpg
29,/vinbrain/nguyenphan/label_2k_imgs_and_file_name/label_2k_imgs/6/005379_019595_10.jpg
30,/vinbrain/nguyenphan/label_2k_imgs_and_file_name/label_2k_imgs/6/005677_023777_10.jpg
31,/vinbrain/nguyenphan/label_2k_imgs_and_file_name/label_2k_imgs/6/005144_018223_10.jpg
32,/vinbrain/nguyenphan/label_2k_imgs_and_file_name/label_2k_imgs/6/005442_020137_10.jpg
33,/vinbrain/nguyenphan/label_2k_imgs_and_file_name/label_2k_imgs/6/005036_017758_10.jpg
34,/vinbrain/nguyenphan/label_2k_imgs_and_file_name/label_2k_imgs/6/004912_015851_10.jpg
35,/vinbrain/nguyenphan/label_2k_imgs_and_file_name/label_2k_imgs/6/005619_022804_10.jpg
36,/vinbrain/nguyenphan/label_2k_imgs_and_file_name/label_2k_imgs/6/005498_020849_10.jpg
37,/vinbrain/nguyenphan/label_2k_imgs_and_file_name/label_2k_imgs/6/005276_019191_10.jpg
38,/vinbrain/nguyenphan/label_2k_imgs_and_file_name/label_2k_imgs/6/005036_017689_10.jpg
39,/vinbrain/nguyenphan/label_2k_imgs_and_file_name/label_2k_imgs/6/005579_021685_10.jpg
40,/vinbrain/nguyenphan/label_2k_imgs_and_file_name/label_2k_imgs/6/004908_015773_10.jpg
41,/vinbrain/nguyenphan/label_2k_imgs_and_file_name/label_2k_imgs/6/004995_017143_10.jpg
42,/vinbrain/nguyenphan/label_2k_imgs_and_file_name/label_2k_imgs/6/005428_019805_10.jpg
43,/vinbrain/nguyenphan/label_2k_imgs_and_file_name/label_2k_imgs/6/005434_020156_10.jpg
44,/vinbrain/nguyenphan/label_2k_imgs_and_file_name/label_2k_imgs/6/005468_020319_10.jpg
45,/vinbrain/nguyenphan/label_2k_imgs_and_file_name/label_2k_imgs/6/005471_020424_10.jpg
46,/vinbrain/nguyenphan/label_2k_imgs_and_file_name/label_2k_imgs/6/005036_017854_10.jpg
47,/vinbrain/nguyenphan/label_2k_imgs_and_file_name/label_2k_imgs/6/005204_018417_10.jpg
48,/vinbrain/nguyenphan/label_2k_imgs_and_file_name/label_2k_imgs/6/004969_016477_10.jpg
49,/vinbrain/nguyenphan/label_2k_imgs_and_file_name/label_2k_imgs/6/005434_020330_10.jpg
50,/vinbrain/nguyenphan/label_2k_imgs_and_file_name/label_2k_imgs/6/004986_016778_10.jpg
51,/vinbrain/nguyenphan/label_2k_imgs_and_file_name/label_2k_imgs/6/005138_018152_10.jpg
52,/vinbrain/nguyenphan/label_2k_imgs_and_file_name/label_2k_imgs/6/004962_016085_10.jpg
53,/vinbrain/nguyenphan/label_2k_imgs_and_file_name/label_2k_imgs/6/005710_024460_10.jpg
54,/vinbrain/nguyenphan/label_2k_imgs_and_file_name/label_2k_imgs/6/005428_019786_10.jpg
55,/vinbrain/nguyenphan/label_2k_imgs_and_file_name/label_2k_imgs/6/005351_019509_10.jpg
56,/vinbrain/nguyenphan/label_2k_imgs_and_file_name/label_2k_imgs/6/004911_015835_10.jpg
57,/vinbrain/nguyenphan/label_2k_imgs_and_file_name/label_2k_imgs/6/005592_021806_10.jpg
58,/vinbrain/nguyenphan/label_2k_imgs_and_file_name/label_2k_imgs/6/005257_018782_10.jpg
59,/vinbrain/nguyenphan/label_2k_imgs_and_file_name/label_2k_imgs/6/005428_019781_10.jpg
60,/vinbrain/nguyenphan/label_2k_imgs_and_file_name/label_2k_imgs/6/005434_020225_10.jpg
61,/vinbrain/nguyenphan/label_2k_imgs_and_file_name/label_2k_imgs/6/005036_017756_10.jpg
62,/vinbrain/nguyenphan/label_2k_imgs_and_file_name/label_2k_imgs/6/005710_024506_10.jpg
63,/vinbrain/nguyenphan/label_2k_imgs_and_file_name/label_2k_imgs/6/005180_018300_10.jpg
64,/vinbrain/nguyenphan/label_2k_imgs_and_file_name/label_2k_imgs/6/004870_015452_10.jpg
65,/vinbrain/nguyenphan/label_2k_imgs_and_file_name/label_2k_imgs/6/004971_016410_10.jpg
66,/vinbrain/nguyenphan/label_2k_imgs_and_file_name/label_2k_imgs/6/005036_017845_10.jpg
67,/vinbrain/nguyenphan/label_2k_imgs_and_file_name/label_2k_imgs/6/004969_016510_10.jpg
68,/vinbrain/nguyenphan/label_2k_imgs_and_file_name/label_2k_imgs/6/005568_021550_10.jpg
69,/vinbrain/nguyenphan/label_2k_imgs_and_file_name/label_2k_imgs/6/005204_018470_10.jpg
70,/vinbrain/nguyenphan/label_2k_imgs_and_file_name/label_2k_imgs/6/004969_016409_10.jpg
71,/vinbrain/nguyenphan/label_2k_imgs_and_file_name/label_2k_imgs/6/005295_019319_10.jpg
72,/vinbrain/nguyenphan/label_2k_imgs_and_file_name/label_2k_imgs/6/005572_021599_10.jpg
73,/vinbrain/nguyenphan/label_2k_imgs_and_file_name/label_2k_imgs/6/005431_019985_10.jpg
74,/vinbrain/nguyenphan/label_2k_imgs_and_file_name/label_2k_imgs/6/004995_017170_10.jpg
75,/vinbrain/nguyenphan/label_2k_imgs_and_file_name/label_2k_imgs/6/005615_023161_10.jpg
76,/vinbrain/nguyenphan/label_2k_imgs_and_file_name/label_2k_imgs/6/005036_017965_10.jpg
77,/vinbrain/nguyenphan/label_2k_imgs_and_file_name/label_2k_imgs/6/005710_024508_10.jpg
78,/vinbrain/nguyenphan/label_2k_imgs_and_file_name/label_2k_imgs/6/004986_016705_10.jpg
79,/vinbrain/nguyenphan/label_2k_imgs_and_file_name/label_2k_imgs/6/004969_016278_10.jpg
80,/vinbrain/nguyenphan/label_2k_imgs_and_file_name/label_2k_imgs/6/005471_020414_10.jpg
81,/vinbrain/nguyenphan/label_2k_imgs_and_file_name/label_2k_imgs/6/004885_015618_10.jpg
82,/vinbrain/nguyenphan/label_2k_imgs_and_file_name/label_2k_imgs/6/005391_019679_10.jpg
83,/vinbrain/nguyenphan/label_2k_imgs_and_file_name/label_2k_imgs/6/005005_017385_10.jpg
84,/vinbrain/nguyenphan/label_2k_imgs_and_file_name/label_2k_imgs/6/005447_020169_10.jpg
85,/vinbrain/nguyenphan/label_2k_imgs_and_file_name/label_2k_imgs/6/005491_020739_10.jpg
86,/vinbrain/nguyenphan/label_2k_imgs_and_file_name/label_2k_imgs/6/005434_020299_10.jpg
87,/vinbrain/nguyenphan/label_2k_imgs_and_file_name/label_2k_imgs/6/005710_024504_10.jpg
88,/vinbrain/nguyenphan/label_2k_imgs_and_file_name/label_2k_imgs/6/005701_023973_10.jpg
89,/vinbrain/nguyenphan/label_2k_imgs_and_file_name/label_2k_imgs/6/005482_020523_10.jpg
90,/vinbrain/nguyenphan/label_2k_imgs_and_file_name/label_2k_imgs/6/004962_016059_10.jpg
91,/vinbrain/nguyenphan/label_2k_imgs_and_file_name/label_2k_imgs/6/005498_021035_10.jpg
92,/vinbrain/nguyenphan/label_2k_imgs_and_file_name/label_2k_imgs/6/005334_019373_10.jpg
93,/vinbrain/nguyenphan/label_2k_imgs_and_file_name/label_2k_imgs/6/005471_020400_10.jpg
94,/vinbrain/nguyenphan/label_2k_imgs_and_file_name/label_2k_imgs/6/004969_016403_10.jpg
95,/vinbrain/nguyenphan/label_2k_imgs_and_file_name/label_2k_imgs/6/005491_020640_10.jpg
96,/vinbrain/nguyenphan/label_2k_imgs_and_file_name/label_2k_imgs/6/005602_021963_10.jpg
97,/vinbrain/nguyenphan/label_2k_imgs_and_file_name/label_2k_imgs/6/005567_021588_10.jpg
98,/vinbrain/nguyenphan/label_2k_imgs_and_file_name/label_2k_imgs/6/005663_023564_10.jpg
99,/vinbrain/nguyenphan/label_2k_imgs_and_file_name/label_2k_imgs/6/005425_019738_10.jpg
100,/vinbrain/nguyenphan/label_2k_imgs_and_file_name/label_2k_imgs/6/005036_017824_10.jpg
101,/vinbrain/nguyenphan/label_2k_imgs_and_file_name/label_2k_imgs/6/004969_016256_10.jpg
102,/vinbrain/nguyenphan/label_2k_imgs_and_file_name/label_2k_imgs/6/004969_016489_10.jpg
103,/vinbrain/nguyenphan/label_2k_imgs_and_file_name/label_2k_imgs/6/005701_024112_10.jpg
104,/vinbrain/nguyenphan/label_2k_imgs_and_file_name/label_2k_imgs/6/005615_023065_10.jpg
105,/vinbrain/nguyenphan/label_2k_imgs_and_file_name/label_2k_imgs/6/005615_022744_10.jpg
106,/vinbrain/nguyenphan/label_2k_imgs_and_file_name/label_2k_imgs/6/005251_018683_10.jpg
107,/vinbrain/nguyenphan/label_2k_imgs_and_file_name/label_2k_imgs/6/005615_022530_10.jpg
108,/vinbrain/nguyenphan/label_2k_imgs_and_file_name/label_2k_imgs/6/004995_017186_10.jpg
109,/vinbrain/nguyenphan/label_2k_imgs_and_file_name/label_2k_imgs/6/005615_023206_10.jpg
110,/vinbrain/nguyenphan/label_2k_imgs_and_file_name/label_2k_imgs/6/005355_019524_10.jpg
111,/vinbrain/nguyenphan/label_2k_imgs_and_file_name/label_2k_imgs/6/005351_019496_10.jpg
112,/vinbrain/nguyenphan/label_2k_imgs_and_file_name/label_2k_imgs/6/004913_015920_10.jpg
113,/vinbrain/nguyenphan/label_2k_imgs_and_file_name/label_2k_imgs/6/005256_018754_10.jpg
114,/vinbrain/nguyenphan/label_2k_imgs_and_file_name/label_2k_imgs/6/005136_018158_10.jpg
115,/vinbrain/nguyenphan/label_2k_imgs_and_file_name/label_2k_imgs/6/005135_018131_10.jpg
116,/vinbrain/nguyenphan/label_2k_imgs_and_file_name/label_2k_imgs/6/005710_024287_10.jpg
117,/vinbrain/nguyenphan/label_2k_imgs_and_file_name/label_2k_imgs/6/004906_015817_10.jpg
118,/vinbrain/nguyenphan/label_2k_imgs_and_file_name/label_2k_imgs/6/005710_024433_10.jpg
119,/vinbrain/nguyenphan/label_2k_imgs_and_file_name/label_2k_imgs/6/005657_023515_10.jpg
120,/vinbrain/nguyenphan/label_2k_imgs_and_file_name/label_2k_imgs/6/005644_023350_10.jpg
121,/vinbrain/nguyenphan/label_2k_imgs_and_file_name/label_2k_imgs/6/005701_024020_10.jpg
122,/vinbrain/nguyenphan/label_2k_imgs_and_file_name/label_2k_imgs/6/005572_021606_10.jpg
123,/vinbrain/nguyenphan/label_2k_imgs_and_file_name/label_2k_imgs/6/005138_018164_10.jpg
124,/vinbrain/nguyenphan/label_2k_imgs_and_file_name/label_2k_imgs/6/005434_020207_10.jpg
125,/vinbrain/nguyenphan/label_2k_imgs_and_file_name/label_2k_imgs/6/004968_016243_10.jpg
126,/vinbrain/nguyenphan/label_2k_imgs_and_file_name/label_2k_imgs/6/005677_023791_10.jpg
127,/vinbrain/nguyenphan/label_2k_imgs_and_file_name/label_2k_imgs/6/005036_017611_10.jpg
128,/vinbrain/nguyenphan/label_2k_imgs_and_file_name/label_2k_imgs/6/005043_017627_10.jpg
129,/vinbrain/nguyenphan/label_2k_imgs_and_file_name/label_2k_imgs/6/005293_019299_10.jpg
130,/vinbrain/nguyenphan/label_2k_imgs_and_file_name/label_2k_imgs/6/004969_016492_10.jpg
131,/vinbrain/nguyenphan/label_2k_imgs_and_file_name/label_2k_imgs/6/005615_022922_10.jpg
132,/vinbrain/nguyenphan/label_2k_imgs_and_file_name/label_2k_imgs/6/005572_021584_10.jpg
133,/vinbrain/nguyenphan/label_2k_imgs_and_file_name/label_2k_imgs/6/005434_020226_10.jpg
134,/vinbrain/nguyenphan/label_2k_imgs_and_file_name/label_2k_imgs/6/004858_015312_10.jpg
135,/vinbrain/nguyenphan/label_2k_imgs_and_file_name/label_2k_imgs/6/005268_018926_10.jpg
136,/vinbrain/nguyenphan/label_2k_imgs_and_file_name/label_2k_imgs/6/004962_016010_10.jpg
137,/vinbrain/nguyenphan/label_2k_imgs_and_file_name/label_2k_imgs/6/005204_018415_10.jpg
138,/vinbrain/nguyenphan/label_2k_imgs_and_file_name/label_2k_imgs/6/005615_023184_10.jpg
139,/vinbrain/nguyenphan/label_2k_imgs_and_file_name/label_2k_imgs/6/005567_021575_10.jpg
140,/vinbrain/nguyenphan/label_2k_imgs_and_file_name/label_2k_imgs/6/004962_016121_10.jpg
141,/vinbrain/nguyenphan/label_2k_imgs_and_file_name/label_2k_imgs/6/005670_023624_10.jpg
142,/vinbrain/nguyenphan/label_2k_imgs_and_file_name/label_2k_imgs/6/004995_017067_10.jpg
143,/vinbrain/nguyenphan/label_2k_imgs_and_file_name/label_2k_imgs/6/005442_020128_10.jpg
144,/vinbrain/nguyenphan/label_2k_imgs_and_file_name/label_2k_imgs/6/005670_023662_10.jpg
145,/vinbrain/nguyenphan/label_2k_imgs_and_file_name/label_2k_imgs/6/005428_019816_10.jpg
146,/vinbrain/nguyenphan/label_2k_imgs_and_file_name/label_2k_imgs/6/005017_017460_10.jpg
147,/vinbrain/nguyenphan/label_2k_imgs_and_file_name/label_2k_imgs/6/005439_020073_10.jpg
148,/vinbrain/nguyenphan/label_2k_imgs_and_file_name/label_2k_imgs/6/005615_022481_10.jpg
149,/vinbrain/nguyenphan/label_2k_imgs_and_file_name/label_2k_imgs/6/005609_022144_10.jpg
150,/vinbrain/nguyenphan/label_2k_imgs_and_file_name/label_2k_imgs/6/005498_020803_10.jpg
151,/vinbrain/nguyenphan/label_2k_imgs_and_file_name/label_2k_imgs/6/005709_024175_10.jpg
152,/vinbrain/nguyenphan/label_2k_imgs_and_file_name/label_2k_imgs/6/005609_022325_10.jpg
153,/vinbrain/nguyenphan/label_2k_imgs_and_file_name/label_2k_imgs/6/005615_022518_10.jpg
154,/vinbrain/nguyenphan/label_2k_imgs_and_file_name/label_2k_imgs/6/004995_017009_10.jpg
155,/vinbrain/nguyenphan/label_2k_imgs_and_file_name/label_2k_imgs/6/005036_017659_10.jpg
156,/vinbrain/nguyenphan/label_2k_imgs_and_file_name/label_2k_imgs/6/005672_023698_10.jpg
157,/vinbrain/nguyenphan/label_2k_imgs_and_file_name/label_2k_imgs/6/005609_022139_10.jpg
158,/vinbrain/nguyenphan/label_2k_imgs_and_file_name/label_2k_imgs/6/005602_021967_10.jpg
159,/vinbrain/nguyenphan/label_2k_imgs_and_file_name/label_2k_imgs/6/005139_018170_10.jpg
160,/vinbrain/nguyenphan/label_2k_imgs_and_file_name/label_2k_imgs/6/005447_020203_10.jpg
161,/vinbrain/nguyenphan/label_2k_imgs_and_file_name/label_2k_imgs/6/005447_020236_10.jpg
162,/vinbrain/nguyenphan/label_2k_imgs_and_file_name/label_2k_imgs/6/005615_022897_10.jpg
163,/vinbrain/nguyenphan/label_2k_imgs_and_file_name/label_2k_imgs/6/005159_018259_10.jpg
164,/vinbrain/nguyenphan/label_2k_imgs_and_file_name/label_2k_imgs/6/005439_020056_10.jpg
165,/vinbrain/nguyenphan/label_2k_imgs_and_file_name/label_2k_imgs/6/005482_020521_10.jpg
166,/vinbrain/nguyenphan/label_2k_imgs_and_file_name/label_2k_imgs/6/004959_015972_10.jpg
167,/vinbrain/nguyenphan/label_2k_imgs_and_file_name/label_2k_imgs/6/005615_022845_10.jpg
168,/vinbrain/nguyenphan/label_2k_imgs_and_file_name/label_2k_imgs/6/005013_017405_10.jpg
169,/vinbrain/nguyenphan/label_2k_imgs_and_file_name/label_2k_imgs/6/005615_022480_10.jpg
170,/vinbrain/nguyenphan/label_2k_imgs_and_file_name/label_2k_imgs/6/005575_021620_10.jpg
171,/vinbrain/nguyenphan/label_2k_imgs_and_file_name/label_2k_imgs/6/005156_018257_10.jpg
172,/vinbrain/nguyenphan/label_2k_imgs_and_file_name/label_2k_imgs/6/005434_020014_10.jpg
173,/vinbrain/nguyenphan/label_2k_imgs_and_file_name/label_2k_imgs/6/005442_020118_10.jpg
174,/vinbrain/nguyenphan/label_2k_imgs_and_file_name/label_2k_imgs/6/005609_022241_10.jpg
175,/vinbrain/nguyenphan/label_2k_imgs_and_file_name/label_2k_imgs/6/005710_024242_10.jpg
176,/vinbrain/nguyenphan/label_2k_imgs_and_file_name/label_2k_imgs/6/005701_024111_10.jpg
177,/vinbrain/nguyenphan/label_2k_imgs_and_file_name/label_2k_imgs/6/004870_015415_10.jpg
178,/vinbrain/nguyenphan/label_2k_imgs_and_file_name/label_2k_imgs/6/004960_015976_10.jpg
179,/vinbrain/nguyenphan/label_2k_imgs_and_file_name/label_2k_imgs/6/005135_018129_10.jpg
180,/vinbrain/nguyenphan/label_2k_imgs_and_file_name/label_2k_imgs/6/005351_019534_10.jpg
181,/vinbrain/nguyenphan/label_2k_imgs_and_file_name/label_2k_imgs/6/004991_016833_10.jpg
182,/vinbrain/nguyenphan/label_2k_imgs_and_file_name/label_2k_imgs/6/005351_019500_10.jpg
183,/vinbrain/nguyenphan/label_2k_imgs_and_file_name/label_2k_imgs/6/005567_021543_10.jpg
184,/vinbrain/nguyenphan/label_2k_imgs_and_file_name/label_2k_imgs/6/005428_019798_10.jpg
185,/vinbrain/nguyenphan/label_2k_imgs_and_file_name/label_2k_imgs/6/005017_017474_10.jpg
186,/vinbrain/nguyenphan/label_2k_imgs_and_file_name/label_2k_imgs/6/005460_020289_10.jpg
187,/vinbrain/nguyenphan/label_2k_imgs_and_file_name/label_2k_imgs/6/005697_023886_10.jpg
188,/vinbrain/nguyenphan/label_2k_imgs_and_file_name/label_2k_imgs/6/005036_017796_10.jpg
189,/vinbrain/nguyenphan/label_2k_imgs_and_file_name/label_2k_imgs/6/005619_022797_10.jpg
190,/vinbrain/nguyenphan/label_2k_imgs_and_file_name/label_2k_imgs/6/004969_016419_10.jpg
191,/vinbrain/nguyenphan/label_2k_imgs_and_file_name/label_2k_imgs/6/005710_024430_10.jpg
192,/vinbrain/nguyenphan/label_2k_imgs_and_file_name/label_2k_imgs/6/005218_018525_10.jpg
193,/vinbrain/nguyenphan/label_2k_imgs_and_file_name/label_2k_imgs/6/005498_020942_10.jpg
194,/vinbrain/nguyenphan/label_2k_imgs_and_file_name/label_2k_imgs/6/004995_016931_10.jpg
195,/vinbrain/nguyenphan/label_2k_imgs_and_file_name/label_2k_imgs/6/005434_020115_10.jpg
196,/vinbrain/nguyenphan/label_2k_imgs_and_file_name/label_2k_imgs/6/005615_022684_10.jpg
197,/vinbrain/nguyenphan/label_2k_imgs_and_file_name/label_2k_imgs/6/005698_023929_10.jpg
198,/vinbrain/nguyenphan/label_2k_imgs_and_file_name/label_2k_imgs/6/004908_015780_10.jpg
199,/vinbrain/nguyenphan/label_2k_imgs_and_file_name/label_2k_imgs/6/005565_021521_10.jpg
200,/vinbrain/nguyenphan/label_2k_imgs_and_file_name/label_2k_imgs/6/005574_021635_10.jpg
201,/vinbrain/nguyenphan/label_2k_imgs_and_file_name/label_2k_imgs/6/004858_015314_10.jpg
202,/vinbrain/nguyenphan/label_2k_imgs_and_file_name/label_2k_imgs/6/005391_019673_10.jpg
203,/vinbrain/nguyenphan/label_2k_imgs_and_file_name/label_2k_imgs/6/004962_016066_10.jpg
204,/vinbrain/nguyenphan/label_2k_imgs_and_file_name/label_2k_imgs/6/005434_020199_10.jpg
205,/vinbrain/nguyenphan/label_2k_imgs_and_file_name/label_2k_imgs/6/005351_019542_10.jpg
206,/vinbrain/nguyenphan/label_2k_imgs_and_file_name/label_2k_imgs/6/005619_022805_10.jpg
207,/vinbrain/nguyenphan/label_2k_imgs_and_file_name/label_2k_imgs/6/004995_016940_10.jpg
208,/vinbrain/nguyenphan/label_2k_imgs_and_file_name/label_2k_imgs/6/005180_018303_10.jpg
209,/vinbrain/nguyenphan/label_2k_imgs_and_file_name/label_2k_imgs/6/005428_019791_10.jpg
210,/vinbrain/nguyenphan/label_2k_imgs_and_file_name/label_2k_imgs/6/005615_022624_10.jpg
211,/vinbrain/nguyenphan/label_2k_imgs_and_file_name/label_2k_imgs/6/005201_018387_10.jpg
212,/vinbrain/nguyenphan/label_2k_imgs_and_file_name/label_2k_imgs/6/005498_021028_10.jpg
213,/vinbrain/nguyenphan/label_2k_imgs_and_file_name/label_2k_imgs/6/004908_015783_10.jpg
214,/vinbrain/nguyenphan/label_2k_imgs_and_file_name/label_2k_imgs/6/004858_015354_10.jpg
215,/vinbrain/nguyenphan/label_2k_imgs_and_file_name/label_2k_imgs/6/005434_020062_10.jpg
216,/vinbrain/nguyenphan/label_2k_imgs_and_file_name/label_2k_imgs/6/004995_017139_10.jpg
217,/vinbrain/nguyenphan/label_2k_imgs_and_file_name/label_2k_imgs/6/005504_020851_10.jpg
218,/vinbrain/nguyenphan/label_2k_imgs_and_file_name/label_2k_imgs/6/005476_020453_10.jpg
219,/vinbrain/nguyenphan/label_2k_imgs_and_file_name/label_2k_imgs/6/005036_017751_10.jpg
220,/vinbrain/nguyenphan/label_2k_imgs_and_file_name/label_2k_imgs/6/005657_023457_10.jpg
221,/vinbrain/nguyenphan/label_2k_imgs_and_file_name/label_2k_imgs/6/005036_017771_10.jpg
222,/vinbrain/nguyenphan/label_2k_imgs_and_file_name/label_2k_imgs/6/005063_017660_10.jpg
223,/vinbrain/nguyenphan/label_2k_imgs_and_file_name/label_2k_imgs/6/005670_023641_10.jpg
224,/vinbrain/nguyenphan/label_2k_imgs_and_file_name/label_2k_imgs/6/005441_020089_10.jpg
225,/vinbrain/nguyenphan/label_2k_imgs_and_file_name/label_2k_imgs/6/005361_019572_10.jpg
226,/vinbrain/nguyenphan/label_2k_imgs_and_file_name/label_2k_imgs/6/005609_022338_10.jpg
227,/vinbrain/nguyenphan/label_2k_imgs_and_file_name/label_2k_imgs/6/005615_022699_10.jpg
228,/vinbrain/nguyenphan/label_2k_imgs_and_file_name/label_2k_imgs/6/005144_018231_10.jpg
229,/vinbrain/nguyenphan/label_2k_imgs_and_file_name/label_2k_imgs/6/004902_015712_10.jpg
230,/vinbrain/nguyenphan/label_2k_imgs_and_file_name/label_2k_imgs/6/004969_016341_10.jpg
231,/vinbrain/nguyenphan/label_2k_imgs_and_file_name/label_2k_imgs/6/004906_015798_10.jpg
232,/vinbrain/nguyenphan/label_2k_imgs_and_file_name/label_2k_imgs/6/005204_018479_10.jpg
233,/vinbrain/nguyenphan/label_2k_imgs_and_file_name/label_2k_imgs/6/005434_020283_10.jpg
234,/vinbrain/nguyenphan/label_2k_imgs_and_file_name/label_2k_imgs/6/005615_022840_10.jpg
235,/vinbrain/nguyenphan/label_2k_imgs_and_file_name/label_2k_imgs/6/005615_023079_10.jpg
236,/vinbrain/nguyenphan/label_2k_imgs_and_file_name/label_2k_imgs/6/004913_015893_10.jpg
237,/vinbrain/nguyenphan/label_2k_imgs_and_file_name/label_2k_imgs/6/004885_015640_10.jpg
238,/vinbrain/nguyenphan/label_2k_imgs_and_file_name/label_2k_imgs/6/004995_017258_10.jpg
239,/vinbrain/nguyenphan/label_2k_imgs_and_file_name/label_2k_imgs/6/005226_018585_10.jpg
240,/vinbrain/nguyenphan/label_2k_imgs_and_file_name/label_2k_imgs/6/004995_017279_10.jpg
241,/vinbrain/nguyenphan/label_2k_imgs_and_file_name/label_2k_imgs/6/005609_022250_10.jpg
242,/vinbrain/nguyenphan/label_2k_imgs_and_file_name/label_2k_imgs/6/005609_022409_10.jpg
243,/vinbrain/nguyenphan/label_2k_imgs_and_file_name/label_2k_imgs/6/004906_015763_10.jpg
244,/vinbrain/nguyenphan/label_2k_imgs_and_file_name/label_2k_imgs/6/005257_018784_10.jpg
245,/vinbrain/nguyenphan/label_2k_imgs_and_file_name/label_2k_imgs/6/005226_018578_10.jpg
246,/vinbrain/nguyenphan/label_2k_imgs_and_file_name/label_2k_imgs/6/005471_020430_10.jpg
247,/vinbrain/nguyenphan/label_2k_imgs_and_file_name/label_2k_imgs/6/005498_020889_10.jpg
248,/vinbrain/nguyenphan/label_2k_imgs_and_file_name/label_2k_imgs/6/005615_022583_10.jpg
249,/vinbrain/nguyenphan/label_2k_imgs_and_file_name/label_2k_imgs/6/005447_020210_10.jpg
