,0
0,/vinbrain/nguyenphan/label_2k_imgs_and_file_name/label_2k_imgs/4/003155_001643_10.jpg
1,/vinbrain/nguyenphan/label_2k_imgs_and_file_name/label_2k_imgs/4/003178_001669_10.jpg
2,/vinbrain/nguyenphan/label_2k_imgs_and_file_name/label_2k_imgs/4/003807_004071_10.jpg
3,/vinbrain/nguyenphan/label_2k_imgs_and_file_name/label_2k_imgs/4/003046_000988_10.jpg
4,/vinbrain/nguyenphan/label_2k_imgs_and_file_name/label_2k_imgs/4/003190_001688_10.jpg
5,/vinbrain/nguyenphan/label_2k_imgs_and_file_name/label_2k_imgs/4/003104_001416_10.jpg
6,/vinbrain/nguyenphan/label_2k_imgs_and_file_name/label_2k_imgs/4/004247_007902_10.jpg
7,/vinbrain/nguyenphan/label_2k_imgs_and_file_name/label_2k_imgs/4/003601_003076_10.jpg
8,/vinbrain/nguyenphan/label_2k_imgs_and_file_name/label_2k_imgs/4/003880_004970_10.jpg
9,/vinbrain/nguyenphan/label_2k_imgs_and_file_name/label_2k_imgs/4/003712_003605_10.jpg
10,/vinbrain/nguyenphan/label_2k_imgs_and_file_name/label_2k_imgs/4/003660_003371_10.jpg
11,/vinbrain/nguyenphan/label_2k_imgs_and_file_name/label_2k_imgs/4/004247_008581_10.jpg
12,/vinbrain/nguyenphan/label_2k_imgs_and_file_name/label_2k_imgs/4/003039_000831_10.jpg
13,/vinbrain/nguyenphan/label_2k_imgs_and_file_name/label_2k_imgs/4/003263_001975_10.jpg
14,/vinbrain/nguyenphan/label_2k_imgs_and_file_name/label_2k_imgs/4/003550_002956_10.jpg
15,/vinbrain/nguyenphan/label_2k_imgs_and_file_name/label_2k_imgs/4/003034_000734_10.jpg
16,/vinbrain/nguyenphan/label_2k_imgs_and_file_name/label_2k_imgs/4/003438_002621_10.jpg
17,/vinbrain/nguyenphan/label_2k_imgs_and_file_name/label_2k_imgs/4/004233_007581_10.jpg
18,/vinbrain/nguyenphan/label_2k_imgs_and_file_name/label_2k_imgs/4/003693_003524_10.jpg
19,/vinbrain/nguyenphan/label_2k_imgs_and_file_name/label_2k_imgs/4/003138_001522_10.jpg
20,/vinbrain/nguyenphan/label_2k_imgs_and_file_name/label_2k_imgs/4/003254_001929_10.jpg
21,/vinbrain/nguyenphan/label_2k_imgs_and_file_name/label_2k_imgs/4/003462_002719_10.jpg
22,/vinbrain/nguyenphan/label_2k_imgs_and_file_name/label_2k_imgs/4/003038_000771_10.jpg
23,/vinbrain/nguyenphan/label_2k_imgs_and_file_name/label_2k_imgs/4/003039_000800_10.jpg
24,/vinbrain/nguyenphan/label_2k_imgs_and_file_name/label_2k_imgs/4/004247_008043_10.jpg
25,/vinbrain/nguyenphan/label_2k_imgs_and_file_name/label_2k_imgs/4/003534_002925_10.jpg
26,/vinbrain/nguyenphan/label_2k_imgs_and_file_name/label_2k_imgs/4/003504_002823_10.jpg
27,/vinbrain/nguyenphan/label_2k_imgs_and_file_name/label_2k_imgs/4/003817_004186_10.jpg
28,/vinbrain/nguyenphan/label_2k_imgs_and_file_name/label_2k_imgs/4/003169_001616_10.jpg
29,/vinbrain/nguyenphan/label_2k_imgs_and_file_name/label_2k_imgs/4/003683_003461_10.jpg
30,/vinbrain/nguyenphan/label_2k_imgs_and_file_name/label_2k_imgs/4/003169_001620_10.jpg
31,/vinbrain/nguyenphan/label_2k_imgs_and_file_name/label_2k_imgs/4/003890_005360_10.jpg
32,/vinbrain/nguyenphan/label_2k_imgs_and_file_name/label_2k_imgs/4/004247_008586_10.jpg
33,/vinbrain/nguyenphan/label_2k_imgs_and_file_name/label_2k_imgs/4/004247_008350_10.jpg
34,/vinbrain/nguyenphan/label_2k_imgs_and_file_name/label_2k_imgs/4/003190_001695_10.jpg
35,/vinbrain/nguyenphan/label_2k_imgs_and_file_name/label_2k_imgs/4/003880_005010_10.jpg
36,/vinbrain/nguyenphan/label_2k_imgs_and_file_name/label_2k_imgs/4/003398_002432_10.jpg
37,/vinbrain/nguyenphan/label_2k_imgs_and_file_name/label_2k_imgs/4/003254_001917_10.jpg
38,/vinbrain/nguyenphan/label_2k_imgs_and_file_name/label_2k_imgs/4/003493_002785_10.jpg
39,/vinbrain/nguyenphan/label_2k_imgs_and_file_name/label_2k_imgs/4/004120_006829_10.jpg
40,/vinbrain/nguyenphan/label_2k_imgs_and_file_name/label_2k_imgs/4/003603_003087_10.jpg
41,/vinbrain/nguyenphan/label_2k_imgs_and_file_name/label_2k_imgs/4/003965_005882_10.jpg
42,/vinbrain/nguyenphan/label_2k_imgs_and_file_name/label_2k_imgs/4/003804_004056_10.jpg
43,/vinbrain/nguyenphan/label_2k_imgs_and_file_name/label_2k_imgs/4/003822_004232_10.jpg
44,/vinbrain/nguyenphan/label_2k_imgs_and_file_name/label_2k_imgs/4/003964_005850_10.jpg
45,/vinbrain/nguyenphan/label_2k_imgs_and_file_name/label_2k_imgs/4/004247_008220_10.jpg
46,/vinbrain/nguyenphan/label_2k_imgs_and_file_name/label_2k_imgs/4/003877_004921_10.jpg
47,/vinbrain/nguyenphan/label_2k_imgs_and_file_name/label_2k_imgs/4/003609_003144_10.jpg
48,/vinbrain/nguyenphan/label_2k_imgs_and_file_name/label_2k_imgs/4/003278_002047_10.jpg
49,/vinbrain/nguyenphan/label_2k_imgs_and_file_name/label_2k_imgs/4/004213_007295_10.jpg
50,/vinbrain/nguyenphan/label_2k_imgs_and_file_name/label_2k_imgs/4/003296_002174_10.jpg
51,/vinbrain/nguyenphan/label_2k_imgs_and_file_name/label_2k_imgs/4/003638_003276_10.jpg
52,/vinbrain/nguyenphan/label_2k_imgs_and_file_name/label_2k_imgs/4/003296_002133_10.jpg
53,/vinbrain/nguyenphan/label_2k_imgs_and_file_name/label_2k_imgs/4/004205_007143_10.jpg
54,/vinbrain/nguyenphan/label_2k_imgs_and_file_name/label_2k_imgs/4/003438_002631_10.jpg
55,/vinbrain/nguyenphan/label_2k_imgs_and_file_name/label_2k_imgs/4/003316_002170_10.jpg
56,/vinbrain/nguyenphan/label_2k_imgs_and_file_name/label_2k_imgs/4/003511_002903_10.jpg
57,/vinbrain/nguyenphan/label_2k_imgs_and_file_name/label_2k_imgs/4/003638_003295_10.jpg
58,/vinbrain/nguyenphan/label_2k_imgs_and_file_name/label_2k_imgs/4/003293_002102_10.jpg
59,/vinbrain/nguyenphan/label_2k_imgs_and_file_name/label_2k_imgs/4/003483_002783_10.jpg
60,/vinbrain/nguyenphan/label_2k_imgs_and_file_name/label_2k_imgs/4/004213_007305_10.jpg
61,/vinbrain/nguyenphan/label_2k_imgs_and_file_name/label_2k_imgs/4/003276_002038_10.jpg
62,/vinbrain/nguyenphan/label_2k_imgs_and_file_name/label_2k_imgs/4/003462_002695_10.jpg
63,/vinbrain/nguyenphan/label_2k_imgs_and_file_name/label_2k_imgs/4/003048_001047_10.jpg
64,/vinbrain/nguyenphan/label_2k_imgs_and_file_name/label_2k_imgs/4/003603_003108_10.jpg
65,/vinbrain/nguyenphan/label_2k_imgs_and_file_name/label_2k_imgs/4/003254_001909_10.jpg
66,/vinbrain/nguyenphan/label_2k_imgs_and_file_name/label_2k_imgs/4/004247_008148_10.jpg
67,/vinbrain/nguyenphan/label_2k_imgs_and_file_name/label_2k_imgs/4/004247_008620_10.jpg
68,/vinbrain/nguyenphan/label_2k_imgs_and_file_name/label_2k_imgs/4/004231_007468_10.jpg
69,/vinbrain/nguyenphan/label_2k_imgs_and_file_name/label_2k_imgs/4/003817_004212_10.jpg
70,/vinbrain/nguyenphan/label_2k_imgs_and_file_name/label_2k_imgs/4/003758_003896_10.jpg
71,/vinbrain/nguyenphan/label_2k_imgs_and_file_name/label_2k_imgs/4/004213_007414_10.jpg
72,/vinbrain/nguyenphan/label_2k_imgs_and_file_name/label_2k_imgs/4/003344_002287_10.jpg
73,/vinbrain/nguyenphan/label_2k_imgs_and_file_name/label_2k_imgs/4/003030_000723_10.jpg
74,/vinbrain/nguyenphan/label_2k_imgs_and_file_name/label_2k_imgs/4/003104_001412_10.jpg
75,/vinbrain/nguyenphan/label_2k_imgs_and_file_name/label_2k_imgs/4/003610_003205_10.jpg
76,/vinbrain/nguyenphan/label_2k_imgs_and_file_name/label_2k_imgs/4/003751_003841_10.jpg
77,/vinbrain/nguyenphan/label_2k_imgs_and_file_name/label_2k_imgs/4/003566_002981_10.jpg
78,/vinbrain/nguyenphan/label_2k_imgs_and_file_name/label_2k_imgs/4/003032_000731_10.jpg
79,/vinbrain/nguyenphan/label_2k_imgs_and_file_name/label_2k_imgs/4/003417_002428_10.jpg
80,/vinbrain/nguyenphan/label_2k_imgs_and_file_name/label_2k_imgs/4/003801_004017_10.jpg
81,/vinbrain/nguyenphan/label_2k_imgs_and_file_name/label_2k_imgs/4/003606_003104_10.jpg
82,/vinbrain/nguyenphan/label_2k_imgs_and_file_name/label_2k_imgs/4/003817_004173_10.jpg
83,/vinbrain/nguyenphan/label_2k_imgs_and_file_name/label_2k_imgs/4/003041_000851_10.jpg
84,/vinbrain/nguyenphan/label_2k_imgs_and_file_name/label_2k_imgs/4/004238_007662_10.jpg
85,/vinbrain/nguyenphan/label_2k_imgs_and_file_name/label_2k_imgs/4/003215_001770_10.jpg
86,/vinbrain/nguyenphan/label_2k_imgs_and_file_name/label_2k_imgs/4/003060_001222_10.jpg
87,/vinbrain/nguyenphan/label_2k_imgs_and_file_name/label_2k_imgs/4/003038_000775_10.jpg
88,/vinbrain/nguyenphan/label_2k_imgs_and_file_name/label_2k_imgs/4/003118_001490_10.jpg
89,/vinbrain/nguyenphan/label_2k_imgs_and_file_name/label_2k_imgs/4/003181_001654_10.jpg
90,/vinbrain/nguyenphan/label_2k_imgs_and_file_name/label_2k_imgs/4/003966_005880_10.jpg
91,/vinbrain/nguyenphan/label_2k_imgs_and_file_name/label_2k_imgs/4/003506_002856_10.jpg
92,/vinbrain/nguyenphan/label_2k_imgs_and_file_name/label_2k_imgs/4/004247_007948_10.jpg
93,/vinbrain/nguyenphan/label_2k_imgs_and_file_name/label_2k_imgs/4/003716_003637_10.jpg
94,/vinbrain/nguyenphan/label_2k_imgs_and_file_name/label_2k_imgs/4/003885_005136_10.jpg
95,/vinbrain/nguyenphan/label_2k_imgs_and_file_name/label_2k_imgs/4/003802_004021_10.jpg
96,/vinbrain/nguyenphan/label_2k_imgs_and_file_name/label_2k_imgs/4/004006_006141_10.jpg
97,/vinbrain/nguyenphan/label_2k_imgs_and_file_name/label_2k_imgs/4/003422_002565_10.jpg
98,/vinbrain/nguyenphan/label_2k_imgs_and_file_name/label_2k_imgs/4/004213_007278_10.jpg
99,/vinbrain/nguyenphan/label_2k_imgs_and_file_name/label_2k_imgs/4/004247_008507_10.jpg
100,/vinbrain/nguyenphan/label_2k_imgs_and_file_name/label_2k_imgs/4/003689_003487_10.jpg
101,/vinbrain/nguyenphan/label_2k_imgs_and_file_name/label_2k_imgs/4/004188_007079_10.jpg
102,/vinbrain/nguyenphan/label_2k_imgs_and_file_name/label_2k_imgs/4/003880_004945_10.jpg
103,/vinbrain/nguyenphan/label_2k_imgs_and_file_name/label_2k_imgs/4/003745_003812_10.jpg
104,/vinbrain/nguyenphan/label_2k_imgs_and_file_name/label_2k_imgs/4/003721_003727_10.jpg
105,/vinbrain/nguyenphan/label_2k_imgs_and_file_name/label_2k_imgs/4/003235_001852_10.jpg
106,/vinbrain/nguyenphan/label_2k_imgs_and_file_name/label_2k_imgs/4/003440_002619_10.jpg
107,/vinbrain/nguyenphan/label_2k_imgs_and_file_name/label_2k_imgs/4/003511_002851_10.jpg
108,/vinbrain/nguyenphan/label_2k_imgs_and_file_name/label_2k_imgs/4/003802_004040_10.jpg
109,/vinbrain/nguyenphan/label_2k_imgs_and_file_name/label_2k_imgs/4/003189_001674_10.jpg
110,/vinbrain/nguyenphan/label_2k_imgs_and_file_name/label_2k_imgs/4/003032_000706_10.jpg
111,/vinbrain/nguyenphan/label_2k_imgs_and_file_name/label_2k_imgs/4/004247_008104_10.jpg
112,/vinbrain/nguyenphan/label_2k_imgs_and_file_name/label_2k_imgs/4/003667_003384_10.jpg
113,/vinbrain/nguyenphan/label_2k_imgs_and_file_name/label_2k_imgs/4/004204_007144_10.jpg
114,/vinbrain/nguyenphan/label_2k_imgs_and_file_name/label_2k_imgs/4/003925_005664_10.jpg
115,/vinbrain/nguyenphan/label_2k_imgs_and_file_name/label_2k_imgs/4/003751_003882_10.jpg
116,/vinbrain/nguyenphan/label_2k_imgs_and_file_name/label_2k_imgs/4/003189_001681_10.jpg
117,/vinbrain/nguyenphan/label_2k_imgs_and_file_name/label_2k_imgs/4/004235_007608_10.jpg
118,/vinbrain/nguyenphan/label_2k_imgs_and_file_name/label_2k_imgs/4/003712_003581_10.jpg
119,/vinbrain/nguyenphan/label_2k_imgs_and_file_name/label_2k_imgs/4/003880_005018_10.jpg
120,/vinbrain/nguyenphan/label_2k_imgs_and_file_name/label_2k_imgs/4/004247_008031_10.jpg
121,/vinbrain/nguyenphan/label_2k_imgs_and_file_name/label_2k_imgs/4/003606_003114_10.jpg
122,/vinbrain/nguyenphan/label_2k_imgs_and_file_name/label_2k_imgs/4/003932_005808_10.jpg
123,/vinbrain/nguyenphan/label_2k_imgs_and_file_name/label_2k_imgs/4/003483_002781_10.jpg
124,/vinbrain/nguyenphan/label_2k_imgs_and_file_name/label_2k_imgs/4/004120_006879_10.jpg
125,/vinbrain/nguyenphan/label_2k_imgs_and_file_name/label_2k_imgs/4/003883_005095_10.jpg
126,/vinbrain/nguyenphan/label_2k_imgs_and_file_name/label_2k_imgs/4/004231_007583_10.jpg
127,/vinbrain/nguyenphan/label_2k_imgs_and_file_name/label_2k_imgs/4/003184_001723_10.jpg
128,/vinbrain/nguyenphan/label_2k_imgs_and_file_name/label_2k_imgs/4/003296_002184_10.jpg
129,/vinbrain/nguyenphan/label_2k_imgs_and_file_name/label_2k_imgs/4/003184_001731_10.jpg
130,/vinbrain/nguyenphan/label_2k_imgs_and_file_name/label_2k_imgs/4/003883_005078_10.jpg
131,/vinbrain/nguyenphan/label_2k_imgs_and_file_name/label_2k_imgs/4/003616_003190_10.jpg
132,/vinbrain/nguyenphan/label_2k_imgs_and_file_name/label_2k_imgs/4/003032_000783_10.jpg
133,/vinbrain/nguyenphan/label_2k_imgs_and_file_name/label_2k_imgs/4/003296_002231_10.jpg
134,/vinbrain/nguyenphan/label_2k_imgs_and_file_name/label_2k_imgs/4/003429_002533_10.jpg
135,/vinbrain/nguyenphan/label_2k_imgs_and_file_name/label_2k_imgs/4/004087_006553_10.jpg
136,/vinbrain/nguyenphan/label_2k_imgs_and_file_name/label_2k_imgs/4/003501_002811_10.jpg
137,/vinbrain/nguyenphan/label_2k_imgs_and_file_name/label_2k_imgs/4/004247_007724_10.jpg
138,/vinbrain/nguyenphan/label_2k_imgs_and_file_name/label_2k_imgs/4/004247_008611_10.jpg
139,/vinbrain/nguyenphan/label_2k_imgs_and_file_name/label_2k_imgs/4/003261_001967_10.jpg
140,/vinbrain/nguyenphan/label_2k_imgs_and_file_name/label_2k_imgs/4/004213_007371_10.jpg
141,/vinbrain/nguyenphan/label_2k_imgs_and_file_name/label_2k_imgs/4/003815_004136_10.jpg
142,/vinbrain/nguyenphan/label_2k_imgs_and_file_name/label_2k_imgs/4/003256_001929_10.jpg
143,/vinbrain/nguyenphan/label_2k_imgs_and_file_name/label_2k_imgs/4/003881_005086_10.jpg
144,/vinbrain/nguyenphan/label_2k_imgs_and_file_name/label_2k_imgs/4/003499_002817_10.jpg
145,/vinbrain/nguyenphan/label_2k_imgs_and_file_name/label_2k_imgs/4/003716_003689_10.jpg
146,/vinbrain/nguyenphan/label_2k_imgs_and_file_name/label_2k_imgs/4/003080_001321_10.jpg
147,/vinbrain/nguyenphan/label_2k_imgs_and_file_name/label_2k_imgs/4/003837_004426_10.jpg
148,/vinbrain/nguyenphan/label_2k_imgs_and_file_name/label_2k_imgs/4/003591_003058_10.jpg
149,/vinbrain/nguyenphan/label_2k_imgs_and_file_name/label_2k_imgs/4/003822_004273_10.jpg
150,/vinbrain/nguyenphan/label_2k_imgs_and_file_name/label_2k_imgs/4/003710_003588_10.jpg
151,/vinbrain/nguyenphan/label_2k_imgs_and_file_name/label_2k_imgs/4/003876_004886_10.jpg
152,/vinbrain/nguyenphan/label_2k_imgs_and_file_name/label_2k_imgs/4/003536_002935_10.jpg
153,/vinbrain/nguyenphan/label_2k_imgs_and_file_name/label_2k_imgs/4/003709_003579_10.jpg
154,/vinbrain/nguyenphan/label_2k_imgs_and_file_name/label_2k_imgs/4/003877_004926_10.jpg
155,/vinbrain/nguyenphan/label_2k_imgs_and_file_name/label_2k_imgs/4/004120_006871_10.jpg
156,/vinbrain/nguyenphan/label_2k_imgs_and_file_name/label_2k_imgs/4/003719_003639_10.jpg
157,/vinbrain/nguyenphan/label_2k_imgs_and_file_name/label_2k_imgs/4/003426_002562_10.jpg
158,/vinbrain/nguyenphan/label_2k_imgs_and_file_name/label_2k_imgs/4/004020_006338_10.jpg
159,/vinbrain/nguyenphan/label_2k_imgs_and_file_name/label_2k_imgs/4/004231_007570_10.jpg
160,/vinbrain/nguyenphan/label_2k_imgs_and_file_name/label_2k_imgs/4/003178_001626_10.jpg
161,/vinbrain/nguyenphan/label_2k_imgs_and_file_name/label_2k_imgs/4/003989_005945_10.jpg
162,/vinbrain/nguyenphan/label_2k_imgs_and_file_name/label_2k_imgs/4/003085_001341_10.jpg
163,/vinbrain/nguyenphan/label_2k_imgs_and_file_name/label_2k_imgs/4/004007_006131_10.jpg
164,/vinbrain/nguyenphan/label_2k_imgs_and_file_name/label_2k_imgs/4/003610_003194_10.jpg
165,/vinbrain/nguyenphan/label_2k_imgs_and_file_name/label_2k_imgs/4/004213_007360_10.jpg
166,/vinbrain/nguyenphan/label_2k_imgs_and_file_name/label_2k_imgs/4/003978_005908_10.jpg
167,/vinbrain/nguyenphan/label_2k_imgs_and_file_name/label_2k_imgs/4/003807_004068_10.jpg
168,/vinbrain/nguyenphan/label_2k_imgs_and_file_name/label_2k_imgs/4/003184_001659_10.jpg
169,/vinbrain/nguyenphan/label_2k_imgs_and_file_name/label_2k_imgs/4/003878_004945_10.jpg
170,/vinbrain/nguyenphan/label_2k_imgs_and_file_name/label_2k_imgs/4/003978_005915_10.jpg
171,/vinbrain/nguyenphan/label_2k_imgs_and_file_name/label_2k_imgs/4/003888_005155_10.jpg
172,/vinbrain/nguyenphan/label_2k_imgs_and_file_name/label_2k_imgs/4/003181_001644_10.jpg
173,/vinbrain/nguyenphan/label_2k_imgs_and_file_name/label_2k_imgs/4/003498_002800_10.jpg
174,/vinbrain/nguyenphan/label_2k_imgs_and_file_name/label_2k_imgs/4/003225_001814_10.jpg
175,/vinbrain/nguyenphan/label_2k_imgs_and_file_name/label_2k_imgs/4/004238_007634_10.jpg
176,/vinbrain/nguyenphan/label_2k_imgs_and_file_name/label_2k_imgs/4/003716_003645_10.jpg
177,/vinbrain/nguyenphan/label_2k_imgs_and_file_name/label_2k_imgs/4/003623_003208_10.jpg
178,/vinbrain/nguyenphan/label_2k_imgs_and_file_name/label_2k_imgs/4/004247_008174_10.jpg
179,/vinbrain/nguyenphan/label_2k_imgs_and_file_name/label_2k_imgs/4/004195_007100_10.jpg
180,/vinbrain/nguyenphan/label_2k_imgs_and_file_name/label_2k_imgs/4/004204_007160_10.jpg
181,/vinbrain/nguyenphan/label_2k_imgs_and_file_name/label_2k_imgs/4/004231_007495_10.jpg
182,/vinbrain/nguyenphan/label_2k_imgs_and_file_name/label_2k_imgs/4/003169_001623_10.jpg
183,/vinbrain/nguyenphan/label_2k_imgs_and_file_name/label_2k_imgs/4/003880_004982_10.jpg
184,/vinbrain/nguyenphan/label_2k_imgs_and_file_name/label_2k_imgs/4/003807_004070_10.jpg
185,/vinbrain/nguyenphan/label_2k_imgs_and_file_name/label_2k_imgs/4/003925_005691_10.jpg
186,/vinbrain/nguyenphan/label_2k_imgs_and_file_name/label_2k_imgs/4/003682_003449_10.jpg
187,/vinbrain/nguyenphan/label_2k_imgs_and_file_name/label_2k_imgs/4/003261_001960_10.jpg
188,/vinbrain/nguyenphan/label_2k_imgs_and_file_name/label_2k_imgs/4/003721_003740_10.jpg
189,/vinbrain/nguyenphan/label_2k_imgs_and_file_name/label_2k_imgs/4/003445_002654_10.jpg
190,/vinbrain/nguyenphan/label_2k_imgs_and_file_name/label_2k_imgs/4/003880_005016_10.jpg
191,/vinbrain/nguyenphan/label_2k_imgs_and_file_name/label_2k_imgs/4/003751_003843_10.jpg
192,/vinbrain/nguyenphan/label_2k_imgs_and_file_name/label_2k_imgs/4/004120_006855_10.jpg
193,/vinbrain/nguyenphan/label_2k_imgs_and_file_name/label_2k_imgs/4/004247_008166_10.jpg
194,/vinbrain/nguyenphan/label_2k_imgs_and_file_name/label_2k_imgs/4/003712_003603_10.jpg
195,/vinbrain/nguyenphan/label_2k_imgs_and_file_name/label_2k_imgs/4/003638_003319_10.jpg
196,/vinbrain/nguyenphan/label_2k_imgs_and_file_name/label_2k_imgs/4/004247_008572_10.jpg
197,/vinbrain/nguyenphan/label_2k_imgs_and_file_name/label_2k_imgs/4/003232_001833_10.jpg
198,/vinbrain/nguyenphan/label_2k_imgs_and_file_name/label_2k_imgs/4/003874_004910_10.jpg
199,/vinbrain/nguyenphan/label_2k_imgs_and_file_name/label_2k_imgs/4/004247_008601_10.jpg
200,/vinbrain/nguyenphan/label_2k_imgs_and_file_name/label_2k_imgs/4/004213_007387_10.jpg
201,/vinbrain/nguyenphan/label_2k_imgs_and_file_name/label_2k_imgs/4/003039_000813_10.jpg
202,/vinbrain/nguyenphan/label_2k_imgs_and_file_name/label_2k_imgs/4/004120_006837_10.jpg
203,/vinbrain/nguyenphan/label_2k_imgs_and_file_name/label_2k_imgs/4/003883_005075_10.jpg
204,/vinbrain/nguyenphan/label_2k_imgs_and_file_name/label_2k_imgs/4/004213_007303_10.jpg
205,/vinbrain/nguyenphan/label_2k_imgs_and_file_name/label_2k_imgs/4/003506_002831_10.jpg
206,/vinbrain/nguyenphan/label_2k_imgs_and_file_name/label_2k_imgs/4/003296_002113_10.jpg
207,/vinbrain/nguyenphan/label_2k_imgs_and_file_name/label_2k_imgs/4/003211_001753_10.jpg
208,/vinbrain/nguyenphan/label_2k_imgs_and_file_name/label_2k_imgs/4/004006_006125_10.jpg
209,/vinbrain/nguyenphan/label_2k_imgs_and_file_name/label_2k_imgs/4/003837_004429_10.jpg
210,/vinbrain/nguyenphan/label_2k_imgs_and_file_name/label_2k_imgs/4/003888_005171_10.jpg
211,/vinbrain/nguyenphan/label_2k_imgs_and_file_name/label_2k_imgs/4/003721_003742_10.jpg
212,/vinbrain/nguyenphan/label_2k_imgs_and_file_name/label_2k_imgs/4/004247_008502_10.jpg
213,/vinbrain/nguyenphan/label_2k_imgs_and_file_name/label_2k_imgs/4/004231_007485_10.jpg
214,/vinbrain/nguyenphan/label_2k_imgs_and_file_name/label_2k_imgs/4/003721_003722_10.jpg
215,/vinbrain/nguyenphan/label_2k_imgs_and_file_name/label_2k_imgs/4/003762_003913_10.jpg
216,/vinbrain/nguyenphan/label_2k_imgs_and_file_name/label_2k_imgs/4/003721_003745_10.jpg
217,/vinbrain/nguyenphan/label_2k_imgs_and_file_name/label_2k_imgs/4/004247_008343_10.jpg
218,/vinbrain/nguyenphan/label_2k_imgs_and_file_name/label_2k_imgs/4/004247_007795_10.jpg
219,/vinbrain/nguyenphan/label_2k_imgs_and_file_name/label_2k_imgs/4/004247_008510_10.jpg
220,/vinbrain/nguyenphan/label_2k_imgs_and_file_name/label_2k_imgs/4/003325_002227_10.jpg
221,/vinbrain/nguyenphan/label_2k_imgs_and_file_name/label_2k_imgs/4/003682_003444_10.jpg
222,/vinbrain/nguyenphan/label_2k_imgs_and_file_name/label_2k_imgs/4/003344_002297_10.jpg
223,/vinbrain/nguyenphan/label_2k_imgs_and_file_name/label_2k_imgs/4/003276_002018_10.jpg
224,/vinbrain/nguyenphan/label_2k_imgs_and_file_name/label_2k_imgs/4/003283_002072_10.jpg
225,/vinbrain/nguyenphan/label_2k_imgs_and_file_name/label_2k_imgs/4/003890_005323_10.jpg
226,/vinbrain/nguyenphan/label_2k_imgs_and_file_name/label_2k_imgs/4/003418_002433_10.jpg
227,/vinbrain/nguyenphan/label_2k_imgs_and_file_name/label_2k_imgs/4/004213_007231_10.jpg
228,/vinbrain/nguyenphan/label_2k_imgs_and_file_name/label_2k_imgs/4/004017_006296_10.jpg
229,/vinbrain/nguyenphan/label_2k_imgs_and_file_name/label_2k_imgs/4/003815_004135_10.jpg
230,/vinbrain/nguyenphan/label_2k_imgs_and_file_name/label_2k_imgs/4/003808_004157_10.jpg
231,/vinbrain/nguyenphan/label_2k_imgs_and_file_name/label_2k_imgs/4/003925_005697_10.jpg
232,/vinbrain/nguyenphan/label_2k_imgs_and_file_name/label_2k_imgs/4/004247_008585_10.jpg
233,/vinbrain/nguyenphan/label_2k_imgs_and_file_name/label_2k_imgs/4/003288_002074_10.jpg
234,/vinbrain/nguyenphan/label_2k_imgs_and_file_name/label_2k_imgs/4/003808_004109_10.jpg
235,/vinbrain/nguyenphan/label_2k_imgs_and_file_name/label_2k_imgs/4/004247_008298_10.jpg
236,/vinbrain/nguyenphan/label_2k_imgs_and_file_name/label_2k_imgs/4/003296_002227_10.jpg
237,/vinbrain/nguyenphan/label_2k_imgs_and_file_name/label_2k_imgs/4/003429_002532_10.jpg
238,/vinbrain/nguyenphan/label_2k_imgs_and_file_name/label_2k_imgs/4/003823_004256_10.jpg
239,/vinbrain/nguyenphan/label_2k_imgs_and_file_name/label_2k_imgs/4/004247_008355_10.jpg
240,/vinbrain/nguyenphan/label_2k_imgs_and_file_name/label_2k_imgs/4/003904_005390_10.jpg
241,/vinbrain/nguyenphan/label_2k_imgs_and_file_name/label_2k_imgs/4/003101_001394_10.jpg
242,/vinbrain/nguyenphan/label_2k_imgs_and_file_name/label_2k_imgs/4/003661_003367_10.jpg
243,/vinbrain/nguyenphan/label_2k_imgs_and_file_name/label_2k_imgs/4/003483_002763_10.jpg
244,/vinbrain/nguyenphan/label_2k_imgs_and_file_name/label_2k_imgs/4/004116_006771_10.jpg
245,/vinbrain/nguyenphan/label_2k_imgs_and_file_name/label_2k_imgs/4/003422_002508_10.jpg
246,/vinbrain/nguyenphan/label_2k_imgs_and_file_name/label_2k_imgs/4/004247_007928_10.jpg
247,/vinbrain/nguyenphan/label_2k_imgs_and_file_name/label_2k_imgs/4/004226_007326_10.jpg
248,/vinbrain/nguyenphan/label_2k_imgs_and_file_name/label_2k_imgs/4/004041_006505_10.jpg
249,/vinbrain/nguyenphan/label_2k_imgs_and_file_name/label_2k_imgs/4/003254_001936_10.jpg
