,0
0,/vinbrain/nguyenphan/label_2k_imgs_and_file_name/label_2k_imgs/3/002603_036952_10.jpg
1,/vinbrain/nguyenphan/label_2k_imgs_and_file_name/label_2k_imgs/3/002452_027595_10.jpg
2,/vinbrain/nguyenphan/label_2k_imgs_and_file_name/label_2k_imgs/3/002737_041311_10.jpg
3,/vinbrain/nguyenphan/label_2k_imgs_and_file_name/label_2k_imgs/3/002678_040307_10.jpg
4,/vinbrain/nguyenphan/label_2k_imgs_and_file_name/label_2k_imgs/3/002145_017157_10.jpg
5,/vinbrain/nguyenphan/label_2k_imgs_and_file_name/label_2k_imgs/3/002788_045489_10.jpg
6,/vinbrain/nguyenphan/label_2k_imgs_and_file_name/label_2k_imgs/3/002441_027559_10.jpg
7,/vinbrain/nguyenphan/label_2k_imgs_and_file_name/label_2k_imgs/3/002205_021957_10.jpg
8,/vinbrain/nguyenphan/label_2k_imgs_and_file_name/label_2k_imgs/3/002126_016407_10.jpg
9,/vinbrain/nguyenphan/label_2k_imgs_and_file_name/label_2k_imgs/3/002286_023343_10.jpg
10,/vinbrain/nguyenphan/label_2k_imgs_and_file_name/label_2k_imgs/3/002950_052068_10.jpg
11,/vinbrain/nguyenphan/label_2k_imgs_and_file_name/label_2k_imgs/3/002702_040658_10.jpg
12,/vinbrain/nguyenphan/label_2k_imgs_and_file_name/label_2k_imgs/3/002441_027505_10.jpg
13,/vinbrain/nguyenphan/label_2k_imgs_and_file_name/label_2k_imgs/3/002075_013944_10.jpg
14,/vinbrain/nguyenphan/label_2k_imgs_and_file_name/label_2k_imgs/3/002268_022729_10.jpg
15,/vinbrain/nguyenphan/label_2k_imgs_and_file_name/label_2k_imgs/3/002182_020167_10.jpg
16,/vinbrain/nguyenphan/label_2k_imgs_and_file_name/label_2k_imgs/3/002402_026784_10.jpg
17,/vinbrain/nguyenphan/label_2k_imgs_and_file_name/label_2k_imgs/3/002761_041890_10.jpg
18,/vinbrain/nguyenphan/label_2k_imgs_and_file_name/label_2k_imgs/3/002915_051075_10.jpg
19,/vinbrain/nguyenphan/label_2k_imgs_and_file_name/label_2k_imgs/3/002065_013888_10.jpg
20,/vinbrain/nguyenphan/label_2k_imgs_and_file_name/label_2k_imgs/3/002419_027076_10.jpg
21,/vinbrain/nguyenphan/label_2k_imgs_and_file_name/label_2k_imgs/3/002167_017386_10.jpg
22,/vinbrain/nguyenphan/label_2k_imgs_and_file_name/label_2k_imgs/3/002247_022632_10.jpg
23,/vinbrain/nguyenphan/label_2k_imgs_and_file_name/label_2k_imgs/3/002466_027705_10.jpg
24,/vinbrain/nguyenphan/label_2k_imgs_and_file_name/label_2k_imgs/3/002216_022132_10.jpg
25,/vinbrain/nguyenphan/label_2k_imgs_and_file_name/label_2k_imgs/3/002466_027736_10.jpg
26,/vinbrain/nguyenphan/label_2k_imgs_and_file_name/label_2k_imgs/3/002327_025366_10.jpg
27,/vinbrain/nguyenphan/label_2k_imgs_and_file_name/label_2k_imgs/3/002315_025253_10.jpg
28,/vinbrain/nguyenphan/label_2k_imgs_and_file_name/label_2k_imgs/3/002322_025409_10.jpg
29,/vinbrain/nguyenphan/label_2k_imgs_and_file_name/label_2k_imgs/3/002311_025241_10.jpg
30,/vinbrain/nguyenphan/label_2k_imgs_and_file_name/label_2k_imgs/3/002004_010003_10.jpg
31,/vinbrain/nguyenphan/label_2k_imgs_and_file_name/label_2k_imgs/3/002266_022723_10.jpg
32,/vinbrain/nguyenphan/label_2k_imgs_and_file_name/label_2k_imgs/3/002413_026863_10.jpg
33,/vinbrain/nguyenphan/label_2k_imgs_and_file_name/label_2k_imgs/3/002441_027347_10.jpg
34,/vinbrain/nguyenphan/label_2k_imgs_and_file_name/label_2k_imgs/3/002355_026243_10.jpg
35,/vinbrain/nguyenphan/label_2k_imgs_and_file_name/label_2k_imgs/3/002355_026311_10.jpg
36,/vinbrain/nguyenphan/label_2k_imgs_and_file_name/label_2k_imgs/3/002126_016404_10.jpg
37,/vinbrain/nguyenphan/label_2k_imgs_and_file_name/label_2k_imgs/3/002419_027073_10.jpg
38,/vinbrain/nguyenphan/label_2k_imgs_and_file_name/label_2k_imgs/3/002352_026080_10.jpg
39,/vinbrain/nguyenphan/label_2k_imgs_and_file_name/label_2k_imgs/3/002419_027087_10.jpg
40,/vinbrain/nguyenphan/label_2k_imgs_and_file_name/label_2k_imgs/3/002286_023331_10.jpg
41,/vinbrain/nguyenphan/label_2k_imgs_and_file_name/label_2k_imgs/3/002123_016087_10.jpg
42,/vinbrain/nguyenphan/label_2k_imgs_and_file_name/label_2k_imgs/3/002426_027115_10.jpg
43,/vinbrain/nguyenphan/label_2k_imgs_and_file_name/label_2k_imgs/3/002089_014462_10.jpg
44,/vinbrain/nguyenphan/label_2k_imgs_and_file_name/label_2k_imgs/3/002675_040186_10.jpg
45,/vinbrain/nguyenphan/label_2k_imgs_and_file_name/label_2k_imgs/3/002402_026792_10.jpg
46,/vinbrain/nguyenphan/label_2k_imgs_and_file_name/label_2k_imgs/3/002322_025402_10.jpg
47,/vinbrain/nguyenphan/label_2k_imgs_and_file_name/label_2k_imgs/3/002515_029131_10.jpg
48,/vinbrain/nguyenphan/label_2k_imgs_and_file_name/label_2k_imgs/3/001982_007513_10.jpg
49,/vinbrain/nguyenphan/label_2k_imgs_and_file_name/label_2k_imgs/3/002322_025336_10.jpg
50,/vinbrain/nguyenphan/label_2k_imgs_and_file_name/label_2k_imgs/3/002426_027199_10.jpg
51,/vinbrain/nguyenphan/label_2k_imgs_and_file_name/label_2k_imgs/3/002479_027912_10.jpg
52,/vinbrain/nguyenphan/label_2k_imgs_and_file_name/label_2k_imgs/3/002275_022839_10.jpg
53,/vinbrain/nguyenphan/label_2k_imgs_and_file_name/label_2k_imgs/3/002167_017392_10.jpg
54,/vinbrain/nguyenphan/label_2k_imgs_and_file_name/label_2k_imgs/3/002353_026162_10.jpg
55,/vinbrain/nguyenphan/label_2k_imgs_and_file_name/label_2k_imgs/3/002286_023402_10.jpg
56,/vinbrain/nguyenphan/label_2k_imgs_and_file_name/label_2k_imgs/3/002126_016322_10.jpg
57,/vinbrain/nguyenphan/label_2k_imgs_and_file_name/label_2k_imgs/3/002355_026276_10.jpg
58,/vinbrain/nguyenphan/label_2k_imgs_and_file_name/label_2k_imgs/3/002452_027448_10.jpg
59,/vinbrain/nguyenphan/label_2k_imgs_and_file_name/label_2k_imgs/3/002702_040618_10.jpg
60,/vinbrain/nguyenphan/label_2k_imgs_and_file_name/label_2k_imgs/3/002088_014085_10.jpg
61,/vinbrain/nguyenphan/label_2k_imgs_and_file_name/label_2k_imgs/3/002513_029061_10.jpg
62,/vinbrain/nguyenphan/label_2k_imgs_and_file_name/label_2k_imgs/3/002351_026048_10.jpg
63,/vinbrain/nguyenphan/label_2k_imgs_and_file_name/label_2k_imgs/3/002296_024419_10.jpg
64,/vinbrain/nguyenphan/label_2k_imgs_and_file_name/label_2k_imgs/3/002915_051065_10.jpg
65,/vinbrain/nguyenphan/label_2k_imgs_and_file_name/label_2k_imgs/3/002247_022695_10.jpg
66,/vinbrain/nguyenphan/label_2k_imgs_and_file_name/label_2k_imgs/3/002352_026069_10.jpg
67,/vinbrain/nguyenphan/label_2k_imgs_and_file_name/label_2k_imgs/3/002441_027420_10.jpg
68,/vinbrain/nguyenphan/label_2k_imgs_and_file_name/label_2k_imgs/3/002092_014475_10.jpg
69,/vinbrain/nguyenphan/label_2k_imgs_and_file_name/label_2k_imgs/3/002112_015678_10.jpg
70,/vinbrain/nguyenphan/label_2k_imgs_and_file_name/label_2k_imgs/3/002112_015637_10.jpg
71,/vinbrain/nguyenphan/label_2k_imgs_and_file_name/label_2k_imgs/3/002479_027969_10.jpg
72,/vinbrain/nguyenphan/label_2k_imgs_and_file_name/label_2k_imgs/3/002441_027616_10.jpg
73,/vinbrain/nguyenphan/label_2k_imgs_and_file_name/label_2k_imgs/3/002603_036960_10.jpg
74,/vinbrain/nguyenphan/label_2k_imgs_and_file_name/label_2k_imgs/3/002089_014295_10.jpg
75,/vinbrain/nguyenphan/label_2k_imgs_and_file_name/label_2k_imgs/3/002437_027270_10.jpg
76,/vinbrain/nguyenphan/label_2k_imgs_and_file_name/label_2k_imgs/3/002377_026678_10.jpg
77,/vinbrain/nguyenphan/label_2k_imgs_and_file_name/label_2k_imgs/3/002247_022672_10.jpg
78,/vinbrain/nguyenphan/label_2k_imgs_and_file_name/label_2k_imgs/3/002759_041633_10.jpg
79,/vinbrain/nguyenphan/label_2k_imgs_and_file_name/label_2k_imgs/3/002442_027415_10.jpg
80,/vinbrain/nguyenphan/label_2k_imgs_and_file_name/label_2k_imgs/3/002089_014374_10.jpg
81,/vinbrain/nguyenphan/label_2k_imgs_and_file_name/label_2k_imgs/3/002326_025350_10.jpg
82,/vinbrain/nguyenphan/label_2k_imgs_and_file_name/label_2k_imgs/3/002328_025384_10.jpg
83,/vinbrain/nguyenphan/label_2k_imgs_and_file_name/label_2k_imgs/3/002426_027129_10.jpg
84,/vinbrain/nguyenphan/label_2k_imgs_and_file_name/label_2k_imgs/3/002319_025263_10.jpg
85,/vinbrain/nguyenphan/label_2k_imgs_and_file_name/label_2k_imgs/3/002603_037006_10.jpg
86,/vinbrain/nguyenphan/label_2k_imgs_and_file_name/label_2k_imgs/3/002215_022097_10.jpg
87,/vinbrain/nguyenphan/label_2k_imgs_and_file_name/label_2k_imgs/3/002004_010015_10.jpg
88,/vinbrain/nguyenphan/label_2k_imgs_and_file_name/label_2k_imgs/3/002242_022577_10.jpg
89,/vinbrain/nguyenphan/label_2k_imgs_and_file_name/label_2k_imgs/3/002396_026794_10.jpg
90,/vinbrain/nguyenphan/label_2k_imgs_and_file_name/label_2k_imgs/3/002554_034692_10.jpg
91,/vinbrain/nguyenphan/label_2k_imgs_and_file_name/label_2k_imgs/3/002126_016397_10.jpg
92,/vinbrain/nguyenphan/label_2k_imgs_and_file_name/label_2k_imgs/3/002239_022328_10.jpg
93,/vinbrain/nguyenphan/label_2k_imgs_and_file_name/label_2k_imgs/3/002088_014184_10.jpg
94,/vinbrain/nguyenphan/label_2k_imgs_and_file_name/label_2k_imgs/3/002479_028006_10.jpg
95,/vinbrain/nguyenphan/label_2k_imgs_and_file_name/label_2k_imgs/3/001985_007654_10.jpg
96,/vinbrain/nguyenphan/label_2k_imgs_and_file_name/label_2k_imgs/3/002320_025281_10.jpg
97,/vinbrain/nguyenphan/label_2k_imgs_and_file_name/label_2k_imgs/3/001981_007399_10.jpg
98,/vinbrain/nguyenphan/label_2k_imgs_and_file_name/label_2k_imgs/3/002088_014181_10.jpg
99,/vinbrain/nguyenphan/label_2k_imgs_and_file_name/label_2k_imgs/3/002732_041099_10.jpg
100,/vinbrain/nguyenphan/label_2k_imgs_and_file_name/label_2k_imgs/3/002286_023441_10.jpg
101,/vinbrain/nguyenphan/label_2k_imgs_and_file_name/label_2k_imgs/3/002888_048652_10.jpg
102,/vinbrain/nguyenphan/label_2k_imgs_and_file_name/label_2k_imgs/3/002260_022773_10.jpg
103,/vinbrain/nguyenphan/label_2k_imgs_and_file_name/label_2k_imgs/3/002437_027266_10.jpg
104,/vinbrain/nguyenphan/label_2k_imgs_and_file_name/label_2k_imgs/3/002216_022106_10.jpg
105,/vinbrain/nguyenphan/label_2k_imgs_and_file_name/label_2k_imgs/3/002515_029089_10.jpg
106,/vinbrain/nguyenphan/label_2k_imgs_and_file_name/label_2k_imgs/3/002126_016351_10.jpg
107,/vinbrain/nguyenphan/label_2k_imgs_and_file_name/label_2k_imgs/3/002095_014536_10.jpg
108,/vinbrain/nguyenphan/label_2k_imgs_and_file_name/label_2k_imgs/3/002353_026152_10.jpg
109,/vinbrain/nguyenphan/label_2k_imgs_and_file_name/label_2k_imgs/3/002322_025397_10.jpg
110,/vinbrain/nguyenphan/label_2k_imgs_and_file_name/label_2k_imgs/3/002998_052534_10.jpg
111,/vinbrain/nguyenphan/label_2k_imgs_and_file_name/label_2k_imgs/3/002915_051050_10.jpg
112,/vinbrain/nguyenphan/label_2k_imgs_and_file_name/label_2k_imgs/3/002466_027669_10.jpg
113,/vinbrain/nguyenphan/label_2k_imgs_and_file_name/label_2k_imgs/3/002931_051714_10.jpg
114,/vinbrain/nguyenphan/label_2k_imgs_and_file_name/label_2k_imgs/3/002513_029075_10.jpg
115,/vinbrain/nguyenphan/label_2k_imgs_and_file_name/label_2k_imgs/3/002092_014420_10.jpg
116,/vinbrain/nguyenphan/label_2k_imgs_and_file_name/label_2k_imgs/3/002089_014504_10.jpg
117,/vinbrain/nguyenphan/label_2k_imgs_and_file_name/label_2k_imgs/3/002919_051104_10.jpg
118,/vinbrain/nguyenphan/label_2k_imgs_and_file_name/label_2k_imgs/3/002126_016359_10.jpg
119,/vinbrain/nguyenphan/label_2k_imgs_and_file_name/label_2k_imgs/3/001981_007419_10.jpg
120,/vinbrain/nguyenphan/label_2k_imgs_and_file_name/label_2k_imgs/3/002089_014292_10.jpg
121,/vinbrain/nguyenphan/label_2k_imgs_and_file_name/label_2k_imgs/3/002414_026942_10.jpg
122,/vinbrain/nguyenphan/label_2k_imgs_and_file_name/label_2k_imgs/3/002998_052523_10.jpg
123,/vinbrain/nguyenphan/label_2k_imgs_and_file_name/label_2k_imgs/3/002351_026104_10.jpg
124,/vinbrain/nguyenphan/label_2k_imgs_and_file_name/label_2k_imgs/3/002702_040619_10.jpg
125,/vinbrain/nguyenphan/label_2k_imgs_and_file_name/label_2k_imgs/3/002444_027375_10.jpg
126,/vinbrain/nguyenphan/label_2k_imgs_and_file_name/label_2k_imgs/3/002136_016440_10.jpg
127,/vinbrain/nguyenphan/label_2k_imgs_and_file_name/label_2k_imgs/3/002441_027409_10.jpg
128,/vinbrain/nguyenphan/label_2k_imgs_and_file_name/label_2k_imgs/3/002200_021234_10.jpg
129,/vinbrain/nguyenphan/label_2k_imgs_and_file_name/label_2k_imgs/3/002351_026108_10.jpg
130,/vinbrain/nguyenphan/label_2k_imgs_and_file_name/label_2k_imgs/3/002452_027558_10.jpg
131,/vinbrain/nguyenphan/label_2k_imgs_and_file_name/label_2k_imgs/3/002354_026152_10.jpg
132,/vinbrain/nguyenphan/label_2k_imgs_and_file_name/label_2k_imgs/3/002088_014216_10.jpg
133,/vinbrain/nguyenphan/label_2k_imgs_and_file_name/label_2k_imgs/3/002756_041584_10.jpg
134,/vinbrain/nguyenphan/label_2k_imgs_and_file_name/label_2k_imgs/3/002381_026818_10.jpg
135,/vinbrain/nguyenphan/label_2k_imgs_and_file_name/label_2k_imgs/3/002074_013942_10.jpg
136,/vinbrain/nguyenphan/label_2k_imgs_and_file_name/label_2k_imgs/3/002176_018737_10.jpg
137,/vinbrain/nguyenphan/label_2k_imgs_and_file_name/label_2k_imgs/3/002731_041072_10.jpg
138,/vinbrain/nguyenphan/label_2k_imgs_and_file_name/label_2k_imgs/3/002266_022735_10.jpg
139,/vinbrain/nguyenphan/label_2k_imgs_and_file_name/label_2k_imgs/3/002092_014519_10.jpg
140,/vinbrain/nguyenphan/label_2k_imgs_and_file_name/label_2k_imgs/3/002089_014418_10.jpg
141,/vinbrain/nguyenphan/label_2k_imgs_and_file_name/label_2k_imgs/3/002737_041325_10.jpg
142,/vinbrain/nguyenphan/label_2k_imgs_and_file_name/label_2k_imgs/3/002112_015650_10.jpg
143,/vinbrain/nguyenphan/label_2k_imgs_and_file_name/label_2k_imgs/3/002089_014284_10.jpg
144,/vinbrain/nguyenphan/label_2k_imgs_and_file_name/label_2k_imgs/3/003019_000352_10.jpg
145,/vinbrain/nguyenphan/label_2k_imgs_and_file_name/label_2k_imgs/3/002274_022792_10.jpg
146,/vinbrain/nguyenphan/label_2k_imgs_and_file_name/label_2k_imgs/3/002173_018708_10.jpg
147,/vinbrain/nguyenphan/label_2k_imgs_and_file_name/label_2k_imgs/3/002252_022639_10.jpg
148,/vinbrain/nguyenphan/label_2k_imgs_and_file_name/label_2k_imgs/3/002126_016427_10.jpg
149,/vinbrain/nguyenphan/label_2k_imgs_and_file_name/label_2k_imgs/3/002089_014108_10.jpg
150,/vinbrain/nguyenphan/label_2k_imgs_and_file_name/label_2k_imgs/3/002479_027900_10.jpg
151,/vinbrain/nguyenphan/label_2k_imgs_and_file_name/label_2k_imgs/3/002354_026151_10.jpg
152,/vinbrain/nguyenphan/label_2k_imgs_and_file_name/label_2k_imgs/3/002296_024389_10.jpg
153,/vinbrain/nguyenphan/label_2k_imgs_and_file_name/label_2k_imgs/3/002089_014351_10.jpg
154,/vinbrain/nguyenphan/label_2k_imgs_and_file_name/label_2k_imgs/3/001985_007662_10.jpg
155,/vinbrain/nguyenphan/label_2k_imgs_and_file_name/label_2k_imgs/3/002327_025367_10.jpg
156,/vinbrain/nguyenphan/label_2k_imgs_and_file_name/label_2k_imgs/3/002065_013885_10.jpg
157,/vinbrain/nguyenphan/label_2k_imgs_and_file_name/label_2k_imgs/3/002763_041934_10.jpg
158,/vinbrain/nguyenphan/label_2k_imgs_and_file_name/label_2k_imgs/3/002245_022617_10.jpg
159,/vinbrain/nguyenphan/label_2k_imgs_and_file_name/label_2k_imgs/3/002293_023605_10.jpg
160,/vinbrain/nguyenphan/label_2k_imgs_and_file_name/label_2k_imgs/3/002057_013803_10.jpg
161,/vinbrain/nguyenphan/label_2k_imgs_and_file_name/label_2k_imgs/3/002732_041098_10.jpg
162,/vinbrain/nguyenphan/label_2k_imgs_and_file_name/label_2k_imgs/3/002441_027562_10.jpg
163,/vinbrain/nguyenphan/label_2k_imgs_and_file_name/label_2k_imgs/3/001986_007683_10.jpg
164,/vinbrain/nguyenphan/label_2k_imgs_and_file_name/label_2k_imgs/3/002414_026938_10.jpg
165,/vinbrain/nguyenphan/label_2k_imgs_and_file_name/label_2k_imgs/3/002082_014019_10.jpg
166,/vinbrain/nguyenphan/label_2k_imgs_and_file_name/label_2k_imgs/3/002515_029108_10.jpg
167,/vinbrain/nguyenphan/label_2k_imgs_and_file_name/label_2k_imgs/3/002516_029159_10.jpg
168,/vinbrain/nguyenphan/label_2k_imgs_and_file_name/label_2k_imgs/3/002275_022834_10.jpg
169,/vinbrain/nguyenphan/label_2k_imgs_and_file_name/label_2k_imgs/3/002442_027420_10.jpg
170,/vinbrain/nguyenphan/label_2k_imgs_and_file_name/label_2k_imgs/3/002129_016409_10.jpg
171,/vinbrain/nguyenphan/label_2k_imgs_and_file_name/label_2k_imgs/3/002216_022117_10.jpg
172,/vinbrain/nguyenphan/label_2k_imgs_and_file_name/label_2k_imgs/3/002441_027459_10.jpg
173,/vinbrain/nguyenphan/label_2k_imgs_and_file_name/label_2k_imgs/3/002650_039904_10.jpg
174,/vinbrain/nguyenphan/label_2k_imgs_and_file_name/label_2k_imgs/3/002296_024488_10.jpg
175,/vinbrain/nguyenphan/label_2k_imgs_and_file_name/label_2k_imgs/3/002297_024475_10.jpg
176,/vinbrain/nguyenphan/label_2k_imgs_and_file_name/label_2k_imgs/3/002128_016397_10.jpg
177,/vinbrain/nguyenphan/label_2k_imgs_and_file_name/label_2k_imgs/3/002088_014076_10.jpg
178,/vinbrain/nguyenphan/label_2k_imgs_and_file_name/label_2k_imgs/3/002455_027572_10.jpg
179,/vinbrain/nguyenphan/label_2k_imgs_and_file_name/label_2k_imgs/3/002124_016124_10.jpg
180,/vinbrain/nguyenphan/label_2k_imgs_and_file_name/label_2k_imgs/3/002353_026161_10.jpg
181,/vinbrain/nguyenphan/label_2k_imgs_and_file_name/label_2k_imgs/3/002322_025348_10.jpg
182,/vinbrain/nguyenphan/label_2k_imgs_and_file_name/label_2k_imgs/3/002515_029148_10.jpg
183,/vinbrain/nguyenphan/label_2k_imgs_and_file_name/label_2k_imgs/3/002441_027457_10.jpg
184,/vinbrain/nguyenphan/label_2k_imgs_and_file_name/label_2k_imgs/3/001985_007649_10.jpg
185,/vinbrain/nguyenphan/label_2k_imgs_and_file_name/label_2k_imgs/3/002242_022579_10.jpg
186,/vinbrain/nguyenphan/label_2k_imgs_and_file_name/label_2k_imgs/3/002452_027524_10.jpg
187,/vinbrain/nguyenphan/label_2k_imgs_and_file_name/label_2k_imgs/3/002452_027435_10.jpg
188,/vinbrain/nguyenphan/label_2k_imgs_and_file_name/label_2k_imgs/3/002092_014370_10.jpg
189,/vinbrain/nguyenphan/label_2k_imgs_and_file_name/label_2k_imgs/3/002466_027685_10.jpg
190,/vinbrain/nguyenphan/label_2k_imgs_and_file_name/label_2k_imgs/3/002441_027582_10.jpg
191,/vinbrain/nguyenphan/label_2k_imgs_and_file_name/label_2k_imgs/3/002368_026596_10.jpg
192,/vinbrain/nguyenphan/label_2k_imgs_and_file_name/label_2k_imgs/3/002144_016954_10.jpg
193,/vinbrain/nguyenphan/label_2k_imgs_and_file_name/label_2k_imgs/3/002220_022260_10.jpg
194,/vinbrain/nguyenphan/label_2k_imgs_and_file_name/label_2k_imgs/3/002074_013947_10.jpg
195,/vinbrain/nguyenphan/label_2k_imgs_and_file_name/label_2k_imgs/3/002452_027473_10.jpg
196,/vinbrain/nguyenphan/label_2k_imgs_and_file_name/label_2k_imgs/3/002452_027481_10.jpg
197,/vinbrain/nguyenphan/label_2k_imgs_and_file_name/label_2k_imgs/3/002230_022288_10.jpg
198,/vinbrain/nguyenphan/label_2k_imgs_and_file_name/label_2k_imgs/3/002089_014077_10.jpg
199,/vinbrain/nguyenphan/label_2k_imgs_and_file_name/label_2k_imgs/3/002552_034533_10.jpg
200,/vinbrain/nguyenphan/label_2k_imgs_and_file_name/label_2k_imgs/3/002286_023368_10.jpg
201,/vinbrain/nguyenphan/label_2k_imgs_and_file_name/label_2k_imgs/3/001980_007336_10.jpg
202,/vinbrain/nguyenphan/label_2k_imgs_and_file_name/label_2k_imgs/3/002765_041962_10.jpg
203,/vinbrain/nguyenphan/label_2k_imgs_and_file_name/label_2k_imgs/3/002322_025386_10.jpg
204,/vinbrain/nguyenphan/label_2k_imgs_and_file_name/label_2k_imgs/3/002293_023574_10.jpg
205,/vinbrain/nguyenphan/label_2k_imgs_and_file_name/label_2k_imgs/3/002526_029470_10.jpg
206,/vinbrain/nguyenphan/label_2k_imgs_and_file_name/label_2k_imgs/3/002862_047195_10.jpg
207,/vinbrain/nguyenphan/label_2k_imgs_and_file_name/label_2k_imgs/3/002082_014014_10.jpg
208,/vinbrain/nguyenphan/label_2k_imgs_and_file_name/label_2k_imgs/3/002437_027326_10.jpg
209,/vinbrain/nguyenphan/label_2k_imgs_and_file_name/label_2k_imgs/3/002260_022725_10.jpg
210,/vinbrain/nguyenphan/label_2k_imgs_and_file_name/label_2k_imgs/3/002266_022729_10.jpg
211,/vinbrain/nguyenphan/label_2k_imgs_and_file_name/label_2k_imgs/3/003025_000532_10.jpg
212,/vinbrain/nguyenphan/label_2k_imgs_and_file_name/label_2k_imgs/3/002516_029157_10.jpg
213,/vinbrain/nguyenphan/label_2k_imgs_and_file_name/label_2k_imgs/3/002441_027477_10.jpg
214,/vinbrain/nguyenphan/label_2k_imgs_and_file_name/label_2k_imgs/3/002092_014404_10.jpg
215,/vinbrain/nguyenphan/label_2k_imgs_and_file_name/label_2k_imgs/3/002167_017374_10.jpg
216,/vinbrain/nguyenphan/label_2k_imgs_and_file_name/label_2k_imgs/3/002443_027358_10.jpg
217,/vinbrain/nguyenphan/label_2k_imgs_and_file_name/label_2k_imgs/3/002352_026151_10.jpg
218,/vinbrain/nguyenphan/label_2k_imgs_and_file_name/label_2k_imgs/3/002112_015698_10.jpg
219,/vinbrain/nguyenphan/label_2k_imgs_and_file_name/label_2k_imgs/3/003006_052591_10.jpg
220,/vinbrain/nguyenphan/label_2k_imgs_and_file_name/label_2k_imgs/3/002336_025453_10.jpg
221,/vinbrain/nguyenphan/label_2k_imgs_and_file_name/label_2k_imgs/3/002892_049525_10.jpg
222,/vinbrain/nguyenphan/label_2k_imgs_and_file_name/label_2k_imgs/3/002268_022724_10.jpg
223,/vinbrain/nguyenphan/label_2k_imgs_and_file_name/label_2k_imgs/3/002127_016366_10.jpg
224,/vinbrain/nguyenphan/label_2k_imgs_and_file_name/label_2k_imgs/3/002381_026819_10.jpg
225,/vinbrain/nguyenphan/label_2k_imgs_and_file_name/label_2k_imgs/3/002355_026332_10.jpg
226,/vinbrain/nguyenphan/label_2k_imgs_and_file_name/label_2k_imgs/3/002353_026166_10.jpg
227,/vinbrain/nguyenphan/label_2k_imgs_and_file_name/label_2k_imgs/3/002296_024411_10.jpg
228,/vinbrain/nguyenphan/label_2k_imgs_and_file_name/label_2k_imgs/3/002711_040927_10.jpg
229,/vinbrain/nguyenphan/label_2k_imgs_and_file_name/label_2k_imgs/3/002220_022256_10.jpg
230,/vinbrain/nguyenphan/label_2k_imgs_and_file_name/label_2k_imgs/3/002355_026280_10.jpg
231,/vinbrain/nguyenphan/label_2k_imgs_and_file_name/label_2k_imgs/3/002441_027452_10.jpg
232,/vinbrain/nguyenphan/label_2k_imgs_and_file_name/label_2k_imgs/3/002242_022570_10.jpg
233,/vinbrain/nguyenphan/label_2k_imgs_and_file_name/label_2k_imgs/3/002443_027357_10.jpg
234,/vinbrain/nguyenphan/label_2k_imgs_and_file_name/label_2k_imgs/3/002746_041492_10.jpg
235,/vinbrain/nguyenphan/label_2k_imgs_and_file_name/label_2k_imgs/3/002765_041972_10.jpg
236,/vinbrain/nguyenphan/label_2k_imgs_and_file_name/label_2k_imgs/3/002141_016799_10.jpg
237,/vinbrain/nguyenphan/label_2k_imgs_and_file_name/label_2k_imgs/3/002296_024438_10.jpg
238,/vinbrain/nguyenphan/label_2k_imgs_and_file_name/label_2k_imgs/3/002245_022608_10.jpg
239,/vinbrain/nguyenphan/label_2k_imgs_and_file_name/label_2k_imgs/3/002276_022858_10.jpg
240,/vinbrain/nguyenphan/label_2k_imgs_and_file_name/label_2k_imgs/3/002320_025278_10.jpg
241,/vinbrain/nguyenphan/label_2k_imgs_and_file_name/label_2k_imgs/3/002702_040646_10.jpg
242,/vinbrain/nguyenphan/label_2k_imgs_and_file_name/label_2k_imgs/3/002414_026917_10.jpg
243,/vinbrain/nguyenphan/label_2k_imgs_and_file_name/label_2k_imgs/3/002141_016797_10.jpg
244,/vinbrain/nguyenphan/label_2k_imgs_and_file_name/label_2k_imgs/3/002437_027282_10.jpg
245,/vinbrain/nguyenphan/label_2k_imgs_and_file_name/label_2k_imgs/3/002441_027450_10.jpg
246,/vinbrain/nguyenphan/label_2k_imgs_and_file_name/label_2k_imgs/3/002322_025412_10.jpg
247,/vinbrain/nguyenphan/label_2k_imgs_and_file_name/label_2k_imgs/3/002245_022607_10.jpg
248,/vinbrain/nguyenphan/label_2k_imgs_and_file_name/label_2k_imgs/3/002286_023464_10.jpg
249,/vinbrain/nguyenphan/label_2k_imgs_and_file_name/label_2k_imgs/3/002452_027561_10.jpg
