,0
0,/vinbrain/nguyenphan/label_2k_imgs_and_file_name/label_2k_imgs/2/001880_001781_10.jpg
1,/vinbrain/nguyenphan/label_2k_imgs_and_file_name/label_2k_imgs/2/001603_048295_10.jpg
2,/vinbrain/nguyenphan/label_2k_imgs_and_file_name/label_2k_imgs/2/001650_049910_10.jpg
3,/vinbrain/nguyenphan/label_2k_imgs_and_file_name/label_2k_imgs/2/001713_050774_10.jpg
4,/vinbrain/nguyenphan/label_2k_imgs_and_file_name/label_2k_imgs/2/001918_004459_10.jpg
5,/vinbrain/nguyenphan/label_2k_imgs_and_file_name/label_2k_imgs/2/001880_001107_10.jpg
6,/vinbrain/nguyenphan/label_2k_imgs_and_file_name/label_2k_imgs/2/001923_005810_10.jpg
7,/vinbrain/nguyenphan/label_2k_imgs_and_file_name/label_2k_imgs/2/001689_050544_10.jpg
8,/vinbrain/nguyenphan/label_2k_imgs_and_file_name/label_2k_imgs/2/001920_005201_10.jpg
9,/vinbrain/nguyenphan/label_2k_imgs_and_file_name/label_2k_imgs/2/001616_048373_10.jpg
10,/vinbrain/nguyenphan/label_2k_imgs_and_file_name/label_2k_imgs/2/001854_000226_10.jpg
11,/vinbrain/nguyenphan/label_2k_imgs_and_file_name/label_2k_imgs/2/001934_006450_10.jpg
12,/vinbrain/nguyenphan/label_2k_imgs_and_file_name/label_2k_imgs/2/001546_045394_10.jpg
13,/vinbrain/nguyenphan/label_2k_imgs_and_file_name/label_2k_imgs/2/001910_003776_10.jpg
14,/vinbrain/nguyenphan/label_2k_imgs_and_file_name/label_2k_imgs/2/001880_001206_10.jpg
15,/vinbrain/nguyenphan/label_2k_imgs_and_file_name/label_2k_imgs/2/001810_052750_10.jpg
16,/vinbrain/nguyenphan/label_2k_imgs_and_file_name/label_2k_imgs/2/001714_050851_10.jpg
17,/vinbrain/nguyenphan/label_2k_imgs_and_file_name/label_2k_imgs/2/001884_002399_10.jpg
18,/vinbrain/nguyenphan/label_2k_imgs_and_file_name/label_2k_imgs/2/001901_003104_10.jpg
19,/vinbrain/nguyenphan/label_2k_imgs_and_file_name/label_2k_imgs/2/001638_048523_10.jpg
20,/vinbrain/nguyenphan/label_2k_imgs_and_file_name/label_2k_imgs/2/001933_005953_10.jpg
21,/vinbrain/nguyenphan/label_2k_imgs_and_file_name/label_2k_imgs/2/001934_006089_10.jpg
22,/vinbrain/nguyenphan/label_2k_imgs_and_file_name/label_2k_imgs/2/001619_048425_10.jpg
23,/vinbrain/nguyenphan/label_2k_imgs_and_file_name/label_2k_imgs/2/001910_003589_10.jpg
24,/vinbrain/nguyenphan/label_2k_imgs_and_file_name/label_2k_imgs/2/001934_006384_10.jpg
25,/vinbrain/nguyenphan/label_2k_imgs_and_file_name/label_2k_imgs/2/001538_044851_10.jpg
26,/vinbrain/nguyenphan/label_2k_imgs_and_file_name/label_2k_imgs/2/001546_045244_10.jpg
27,/vinbrain/nguyenphan/label_2k_imgs_and_file_name/label_2k_imgs/2/001538_044715_10.jpg
28,/vinbrain/nguyenphan/label_2k_imgs_and_file_name/label_2k_imgs/2/001599_048230_10.jpg
29,/vinbrain/nguyenphan/label_2k_imgs_and_file_name/label_2k_imgs/2/001738_051145_10.jpg
30,/vinbrain/nguyenphan/label_2k_imgs_and_file_name/label_2k_imgs/2/001920_004757_10.jpg
31,/vinbrain/nguyenphan/label_2k_imgs_and_file_name/label_2k_imgs/2/001546_045240_10.jpg
32,/vinbrain/nguyenphan/label_2k_imgs_and_file_name/label_2k_imgs/2/001920_005046_10.jpg
33,/vinbrain/nguyenphan/label_2k_imgs_and_file_name/label_2k_imgs/2/001910_003330_10.jpg
34,/vinbrain/nguyenphan/label_2k_imgs_and_file_name/label_2k_imgs/2/001551_045332_10.jpg
35,/vinbrain/nguyenphan/label_2k_imgs_and_file_name/label_2k_imgs/2/001880_002041_10.jpg
36,/vinbrain/nguyenphan/label_2k_imgs_and_file_name/label_2k_imgs/2/001694_050570_10.jpg
37,/vinbrain/nguyenphan/label_2k_imgs_and_file_name/label_2k_imgs/2/001824_052797_10.jpg
38,/vinbrain/nguyenphan/label_2k_imgs_and_file_name/label_2k_imgs/2/001959_006924_10.jpg
39,/vinbrain/nguyenphan/label_2k_imgs_and_file_name/label_2k_imgs/2/001920_005388_10.jpg
40,/vinbrain/nguyenphan/label_2k_imgs_and_file_name/label_2k_imgs/2/001754_051724_10.jpg
41,/vinbrain/nguyenphan/label_2k_imgs_and_file_name/label_2k_imgs/2/001713_050764_10.jpg
42,/vinbrain/nguyenphan/label_2k_imgs_and_file_name/label_2k_imgs/2/001538_044985_10.jpg
43,/vinbrain/nguyenphan/label_2k_imgs_and_file_name/label_2k_imgs/2/001599_048260_10.jpg
44,/vinbrain/nguyenphan/label_2k_imgs_and_file_name/label_2k_imgs/2/001551_045276_10.jpg
45,/vinbrain/nguyenphan/label_2k_imgs_and_file_name/label_2k_imgs/2/001920_004836_10.jpg
46,/vinbrain/nguyenphan/label_2k_imgs_and_file_name/label_2k_imgs/2/001910_003778_10.jpg
47,/vinbrain/nguyenphan/label_2k_imgs_and_file_name/label_2k_imgs/2/001923_005820_10.jpg
48,/vinbrain/nguyenphan/label_2k_imgs_and_file_name/label_2k_imgs/2/001920_004676_10.jpg
49,/vinbrain/nguyenphan/label_2k_imgs_and_file_name/label_2k_imgs/2/001640_048565_10.jpg
50,/vinbrain/nguyenphan/label_2k_imgs_and_file_name/label_2k_imgs/2/001650_049736_10.jpg
51,/vinbrain/nguyenphan/label_2k_imgs_and_file_name/label_2k_imgs/2/001932_005903_10.jpg
52,/vinbrain/nguyenphan/label_2k_imgs_and_file_name/label_2k_imgs/2/001650_049493_10.jpg
53,/vinbrain/nguyenphan/label_2k_imgs_and_file_name/label_2k_imgs/2/001546_045210_10.jpg
54,/vinbrain/nguyenphan/label_2k_imgs_and_file_name/label_2k_imgs/2/001901_003179_10.jpg
55,/vinbrain/nguyenphan/label_2k_imgs_and_file_name/label_2k_imgs/2/001901_003167_10.jpg
56,/vinbrain/nguyenphan/label_2k_imgs_and_file_name/label_2k_imgs/2/001616_048471_10.jpg
57,/vinbrain/nguyenphan/label_2k_imgs_and_file_name/label_2k_imgs/2/001616_048361_10.jpg
58,/vinbrain/nguyenphan/label_2k_imgs_and_file_name/label_2k_imgs/2/001880_001110_10.jpg
59,/vinbrain/nguyenphan/label_2k_imgs_and_file_name/label_2k_imgs/2/001650_049730_10.jpg
60,/vinbrain/nguyenphan/label_2k_imgs_and_file_name/label_2k_imgs/2/001972_007186_10.jpg
61,/vinbrain/nguyenphan/label_2k_imgs_and_file_name/label_2k_imgs/2/001638_048518_10.jpg
62,/vinbrain/nguyenphan/label_2k_imgs_and_file_name/label_2k_imgs/2/001599_048227_10.jpg
63,/vinbrain/nguyenphan/label_2k_imgs_and_file_name/label_2k_imgs/2/001933_005964_10.jpg
64,/vinbrain/nguyenphan/label_2k_imgs_and_file_name/label_2k_imgs/2/001923_005622_10.jpg
65,/vinbrain/nguyenphan/label_2k_imgs_and_file_name/label_2k_imgs/2/001918_004410_10.jpg
66,/vinbrain/nguyenphan/label_2k_imgs_and_file_name/label_2k_imgs/2/001880_001688_10.jpg
67,/vinbrain/nguyenphan/label_2k_imgs_and_file_name/label_2k_imgs/2/001901_003081_10.jpg
68,/vinbrain/nguyenphan/label_2k_imgs_and_file_name/label_2k_imgs/2/001766_051903_10.jpg
69,/vinbrain/nguyenphan/label_2k_imgs_and_file_name/label_2k_imgs/2/001934_006154_10.jpg
70,/vinbrain/nguyenphan/label_2k_imgs_and_file_name/label_2k_imgs/2/001650_049789_10.jpg
71,/vinbrain/nguyenphan/label_2k_imgs_and_file_name/label_2k_imgs/2/001650_049739_10.jpg
72,/vinbrain/nguyenphan/label_2k_imgs_and_file_name/label_2k_imgs/2/001880_001972_10.jpg
73,/vinbrain/nguyenphan/label_2k_imgs_and_file_name/label_2k_imgs/2/001910_004201_10.jpg
74,/vinbrain/nguyenphan/label_2k_imgs_and_file_name/label_2k_imgs/2/001647_048683_10.jpg
75,/vinbrain/nguyenphan/label_2k_imgs_and_file_name/label_2k_imgs/2/001880_002201_10.jpg
76,/vinbrain/nguyenphan/label_2k_imgs_and_file_name/label_2k_imgs/2/001910_004023_10.jpg
77,/vinbrain/nguyenphan/label_2k_imgs_and_file_name/label_2k_imgs/2/001760_051819_10.jpg
78,/vinbrain/nguyenphan/label_2k_imgs_and_file_name/label_2k_imgs/2/001650_049869_10.jpg
79,/vinbrain/nguyenphan/label_2k_imgs_and_file_name/label_2k_imgs/2/001650_049550_10.jpg
80,/vinbrain/nguyenphan/label_2k_imgs_and_file_name/label_2k_imgs/2/001650_049685_10.jpg
81,/vinbrain/nguyenphan/label_2k_imgs_and_file_name/label_2k_imgs/2/001810_052698_10.jpg
82,/vinbrain/nguyenphan/label_2k_imgs_and_file_name/label_2k_imgs/2/001910_003621_10.jpg
83,/vinbrain/nguyenphan/label_2k_imgs_and_file_name/label_2k_imgs/2/001551_045254_10.jpg
84,/vinbrain/nguyenphan/label_2k_imgs_and_file_name/label_2k_imgs/2/001778_052012_10.jpg
85,/vinbrain/nguyenphan/label_2k_imgs_and_file_name/label_2k_imgs/2/001920_004874_10.jpg
86,/vinbrain/nguyenphan/label_2k_imgs_and_file_name/label_2k_imgs/2/001538_044946_10.jpg
87,/vinbrain/nguyenphan/label_2k_imgs_and_file_name/label_2k_imgs/2/001892_002839_10.jpg
88,/vinbrain/nguyenphan/label_2k_imgs_and_file_name/label_2k_imgs/2/001668_050058_10.jpg
89,/vinbrain/nguyenphan/label_2k_imgs_and_file_name/label_2k_imgs/2/001918_004518_10.jpg
90,/vinbrain/nguyenphan/label_2k_imgs_and_file_name/label_2k_imgs/2/001880_001535_10.jpg
91,/vinbrain/nguyenphan/label_2k_imgs_and_file_name/label_2k_imgs/2/001616_048448_10.jpg
92,/vinbrain/nguyenphan/label_2k_imgs_and_file_name/label_2k_imgs/2/001880_002199_10.jpg
93,/vinbrain/nguyenphan/label_2k_imgs_and_file_name/label_2k_imgs/2/001880_002095_10.jpg
94,/vinbrain/nguyenphan/label_2k_imgs_and_file_name/label_2k_imgs/2/001920_004670_10.jpg
95,/vinbrain/nguyenphan/label_2k_imgs_and_file_name/label_2k_imgs/2/001880_001760_10.jpg
96,/vinbrain/nguyenphan/label_2k_imgs_and_file_name/label_2k_imgs/2/001886_002559_10.jpg
97,/vinbrain/nguyenphan/label_2k_imgs_and_file_name/label_2k_imgs/2/001934_006302_10.jpg
98,/vinbrain/nguyenphan/label_2k_imgs_and_file_name/label_2k_imgs/2/001754_051751_10.jpg
99,/vinbrain/nguyenphan/label_2k_imgs_and_file_name/label_2k_imgs/2/001918_004416_10.jpg
100,/vinbrain/nguyenphan/label_2k_imgs_and_file_name/label_2k_imgs/2/001972_007206_10.jpg
101,/vinbrain/nguyenphan/label_2k_imgs_and_file_name/label_2k_imgs/2/001647_048723_10.jpg
102,/vinbrain/nguyenphan/label_2k_imgs_and_file_name/label_2k_imgs/2/001882_002367_10.jpg
103,/vinbrain/nguyenphan/label_2k_imgs_and_file_name/label_2k_imgs/2/001880_001139_10.jpg
104,/vinbrain/nguyenphan/label_2k_imgs_and_file_name/label_2k_imgs/2/001910_003811_10.jpg
105,/vinbrain/nguyenphan/label_2k_imgs_and_file_name/label_2k_imgs/2/001920_004983_10.jpg
106,/vinbrain/nguyenphan/label_2k_imgs_and_file_name/label_2k_imgs/2/001934_006520_10.jpg
107,/vinbrain/nguyenphan/label_2k_imgs_and_file_name/label_2k_imgs/2/001959_006937_10.jpg
108,/vinbrain/nguyenphan/label_2k_imgs_and_file_name/label_2k_imgs/2/001880_001705_10.jpg
109,/vinbrain/nguyenphan/label_2k_imgs_and_file_name/label_2k_imgs/2/001616_048387_10.jpg
110,/vinbrain/nguyenphan/label_2k_imgs_and_file_name/label_2k_imgs/2/001920_005096_10.jpg
111,/vinbrain/nguyenphan/label_2k_imgs_and_file_name/label_2k_imgs/2/001910_003791_10.jpg
112,/vinbrain/nguyenphan/label_2k_imgs_and_file_name/label_2k_imgs/2/001754_051736_10.jpg
113,/vinbrain/nguyenphan/label_2k_imgs_and_file_name/label_2k_imgs/2/001910_003717_10.jpg
114,/vinbrain/nguyenphan/label_2k_imgs_and_file_name/label_2k_imgs/2/001920_004748_10.jpg
115,/vinbrain/nguyenphan/label_2k_imgs_and_file_name/label_2k_imgs/2/001910_003506_10.jpg
116,/vinbrain/nguyenphan/label_2k_imgs_and_file_name/label_2k_imgs/2/001650_049762_10.jpg
117,/vinbrain/nguyenphan/label_2k_imgs_and_file_name/label_2k_imgs/2/001668_050067_10.jpg
118,/vinbrain/nguyenphan/label_2k_imgs_and_file_name/label_2k_imgs/2/001923_005620_10.jpg
119,/vinbrain/nguyenphan/label_2k_imgs_and_file_name/label_2k_imgs/2/001910_003886_10.jpg
120,/vinbrain/nguyenphan/label_2k_imgs_and_file_name/label_2k_imgs/2/001754_051693_10.jpg
121,/vinbrain/nguyenphan/label_2k_imgs_and_file_name/label_2k_imgs/2/001538_044602_10.jpg
122,/vinbrain/nguyenphan/label_2k_imgs_and_file_name/label_2k_imgs/2/001923_005542_10.jpg
123,/vinbrain/nguyenphan/label_2k_imgs_and_file_name/label_2k_imgs/2/001546_045396_10.jpg
124,/vinbrain/nguyenphan/label_2k_imgs_and_file_name/label_2k_imgs/2/001883_002363_10.jpg
125,/vinbrain/nguyenphan/label_2k_imgs_and_file_name/label_2k_imgs/2/001575_047090_10.jpg
126,/vinbrain/nguyenphan/label_2k_imgs_and_file_name/label_2k_imgs/2/001933_005958_10.jpg
127,/vinbrain/nguyenphan/label_2k_imgs_and_file_name/label_2k_imgs/2/001650_049504_10.jpg
128,/vinbrain/nguyenphan/label_2k_imgs_and_file_name/label_2k_imgs/2/001934_006278_10.jpg
129,/vinbrain/nguyenphan/label_2k_imgs_and_file_name/label_2k_imgs/2/001575_047045_10.jpg
130,/vinbrain/nguyenphan/label_2k_imgs_and_file_name/label_2k_imgs/2/001892_002838_10.jpg
131,/vinbrain/nguyenphan/label_2k_imgs_and_file_name/label_2k_imgs/2/001939_006129_10.jpg
132,/vinbrain/nguyenphan/label_2k_imgs_and_file_name/label_2k_imgs/2/001538_044597_10.jpg
133,/vinbrain/nguyenphan/label_2k_imgs_and_file_name/label_2k_imgs/2/001538_044676_10.jpg
134,/vinbrain/nguyenphan/label_2k_imgs_and_file_name/label_2k_imgs/2/001632_048468_10.jpg
135,/vinbrain/nguyenphan/label_2k_imgs_and_file_name/label_2k_imgs/2/001882_002449_10.jpg
136,/vinbrain/nguyenphan/label_2k_imgs_and_file_name/label_2k_imgs/2/001920_004611_10.jpg
137,/vinbrain/nguyenphan/label_2k_imgs_and_file_name/label_2k_imgs/2/001920_005004_10.jpg
138,/vinbrain/nguyenphan/label_2k_imgs_and_file_name/label_2k_imgs/2/001910_003481_10.jpg
139,/vinbrain/nguyenphan/label_2k_imgs_and_file_name/label_2k_imgs/2/001616_048444_10.jpg
140,/vinbrain/nguyenphan/label_2k_imgs_and_file_name/label_2k_imgs/2/001934_006234_10.jpg
141,/vinbrain/nguyenphan/label_2k_imgs_and_file_name/label_2k_imgs/2/001714_050812_10.jpg
142,/vinbrain/nguyenphan/label_2k_imgs_and_file_name/label_2k_imgs/2/001892_002851_10.jpg
143,/vinbrain/nguyenphan/label_2k_imgs_and_file_name/label_2k_imgs/2/001880_001809_10.jpg
144,/vinbrain/nguyenphan/label_2k_imgs_and_file_name/label_2k_imgs/2/001880_001841_10.jpg
145,/vinbrain/nguyenphan/label_2k_imgs_and_file_name/label_2k_imgs/2/001920_005061_10.jpg
146,/vinbrain/nguyenphan/label_2k_imgs_and_file_name/label_2k_imgs/2/001910_003525_10.jpg
147,/vinbrain/nguyenphan/label_2k_imgs_and_file_name/label_2k_imgs/2/001923_005650_10.jpg
148,/vinbrain/nguyenphan/label_2k_imgs_and_file_name/label_2k_imgs/2/001551_045302_10.jpg
149,/vinbrain/nguyenphan/label_2k_imgs_and_file_name/label_2k_imgs/2/001538_044982_10.jpg
150,/vinbrain/nguyenphan/label_2k_imgs_and_file_name/label_2k_imgs/2/001920_004987_10.jpg
151,/vinbrain/nguyenphan/label_2k_imgs_and_file_name/label_2k_imgs/2/001650_049836_10.jpg
152,/vinbrain/nguyenphan/label_2k_imgs_and_file_name/label_2k_imgs/2/001599_048247_10.jpg
153,/vinbrain/nguyenphan/label_2k_imgs_and_file_name/label_2k_imgs/2/001880_001634_10.jpg
154,/vinbrain/nguyenphan/label_2k_imgs_and_file_name/label_2k_imgs/2/001546_045280_10.jpg
155,/vinbrain/nguyenphan/label_2k_imgs_and_file_name/label_2k_imgs/2/001978_007239_10.jpg
156,/vinbrain/nguyenphan/label_2k_imgs_and_file_name/label_2k_imgs/2/001910_003991_10.jpg
157,/vinbrain/nguyenphan/label_2k_imgs_and_file_name/label_2k_imgs/2/001920_005426_10.jpg
158,/vinbrain/nguyenphan/label_2k_imgs_and_file_name/label_2k_imgs/2/001754_051748_10.jpg
159,/vinbrain/nguyenphan/label_2k_imgs_and_file_name/label_2k_imgs/2/001810_052774_10.jpg
160,/vinbrain/nguyenphan/label_2k_imgs_and_file_name/label_2k_imgs/2/001884_002370_10.jpg
161,/vinbrain/nguyenphan/label_2k_imgs_and_file_name/label_2k_imgs/2/001910_004263_10.jpg
162,/vinbrain/nguyenphan/label_2k_imgs_and_file_name/label_2k_imgs/2/001688_050541_10.jpg
163,/vinbrain/nguyenphan/label_2k_imgs_and_file_name/label_2k_imgs/2/001910_004228_10.jpg
164,/vinbrain/nguyenphan/label_2k_imgs_and_file_name/label_2k_imgs/2/001810_052759_10.jpg
165,/vinbrain/nguyenphan/label_2k_imgs_and_file_name/label_2k_imgs/2/001880_002026_10.jpg
166,/vinbrain/nguyenphan/label_2k_imgs_and_file_name/label_2k_imgs/2/001910_003385_10.jpg
167,/vinbrain/nguyenphan/label_2k_imgs_and_file_name/label_2k_imgs/2/001880_002178_10.jpg
168,/vinbrain/nguyenphan/label_2k_imgs_and_file_name/label_2k_imgs/2/001880_001630_10.jpg
169,/vinbrain/nguyenphan/label_2k_imgs_and_file_name/label_2k_imgs/2/001880_002034_10.jpg
170,/vinbrain/nguyenphan/label_2k_imgs_and_file_name/label_2k_imgs/2/001910_004097_10.jpg
171,/vinbrain/nguyenphan/label_2k_imgs_and_file_name/label_2k_imgs/2/001880_001320_10.jpg
172,/vinbrain/nguyenphan/label_2k_imgs_and_file_name/label_2k_imgs/2/001538_044798_10.jpg
173,/vinbrain/nguyenphan/label_2k_imgs_and_file_name/label_2k_imgs/2/001934_006155_10.jpg
174,/vinbrain/nguyenphan/label_2k_imgs_and_file_name/label_2k_imgs/2/001910_003891_10.jpg
175,/vinbrain/nguyenphan/label_2k_imgs_and_file_name/label_2k_imgs/2/001618_048330_10.jpg
176,/vinbrain/nguyenphan/label_2k_imgs_and_file_name/label_2k_imgs/2/001910_004327_10.jpg
177,/vinbrain/nguyenphan/label_2k_imgs_and_file_name/label_2k_imgs/2/001886_002492_10.jpg
178,/vinbrain/nguyenphan/label_2k_imgs_and_file_name/label_2k_imgs/2/001934_006279_10.jpg
179,/vinbrain/nguyenphan/label_2k_imgs_and_file_name/label_2k_imgs/2/001910_003379_10.jpg
180,/vinbrain/nguyenphan/label_2k_imgs_and_file_name/label_2k_imgs/2/001910_003317_10.jpg
181,/vinbrain/nguyenphan/label_2k_imgs_and_file_name/label_2k_imgs/2/001910_003720_10.jpg
182,/vinbrain/nguyenphan/label_2k_imgs_and_file_name/label_2k_imgs/2/001934_006329_10.jpg
183,/vinbrain/nguyenphan/label_2k_imgs_and_file_name/label_2k_imgs/2/001910_003355_10.jpg
184,/vinbrain/nguyenphan/label_2k_imgs_and_file_name/label_2k_imgs/2/001882_002347_10.jpg
185,/vinbrain/nguyenphan/label_2k_imgs_and_file_name/label_2k_imgs/2/001880_001406_10.jpg
186,/vinbrain/nguyenphan/label_2k_imgs_and_file_name/label_2k_imgs/2/001538_044618_10.jpg
187,/vinbrain/nguyenphan/label_2k_imgs_and_file_name/label_2k_imgs/2/001910_004095_10.jpg
188,/vinbrain/nguyenphan/label_2k_imgs_and_file_name/label_2k_imgs/2/001923_005474_10.jpg
189,/vinbrain/nguyenphan/label_2k_imgs_and_file_name/label_2k_imgs/2/001880_001911_10.jpg
190,/vinbrain/nguyenphan/label_2k_imgs_and_file_name/label_2k_imgs/2/001934_006074_10.jpg
191,/vinbrain/nguyenphan/label_2k_imgs_and_file_name/label_2k_imgs/2/001971_007175_10.jpg
192,/vinbrain/nguyenphan/label_2k_imgs_and_file_name/label_2k_imgs/2/001880_001468_10.jpg
193,/vinbrain/nguyenphan/label_2k_imgs_and_file_name/label_2k_imgs/2/001538_044652_10.jpg
194,/vinbrain/nguyenphan/label_2k_imgs_and_file_name/label_2k_imgs/2/001880_001254_10.jpg
195,/vinbrain/nguyenphan/label_2k_imgs_and_file_name/label_2k_imgs/2/001939_006137_10.jpg
196,/vinbrain/nguyenphan/label_2k_imgs_and_file_name/label_2k_imgs/2/001910_003316_10.jpg
197,/vinbrain/nguyenphan/label_2k_imgs_and_file_name/label_2k_imgs/2/001880_001119_10.jpg
198,/vinbrain/nguyenphan/label_2k_imgs_and_file_name/label_2k_imgs/2/001880_001965_10.jpg
199,/vinbrain/nguyenphan/label_2k_imgs_and_file_name/label_2k_imgs/2/001880_002114_10.jpg
200,/vinbrain/nguyenphan/label_2k_imgs_and_file_name/label_2k_imgs/2/001798_052596_10.jpg
201,/vinbrain/nguyenphan/label_2k_imgs_and_file_name/label_2k_imgs/2/001923_005647_10.jpg
202,/vinbrain/nguyenphan/label_2k_imgs_and_file_name/label_2k_imgs/2/001650_049646_10.jpg
203,/vinbrain/nguyenphan/label_2k_imgs_and_file_name/label_2k_imgs/2/001616_048440_10.jpg
204,/vinbrain/nguyenphan/label_2k_imgs_and_file_name/label_2k_imgs/2/001738_051175_10.jpg
205,/vinbrain/nguyenphan/label_2k_imgs_and_file_name/label_2k_imgs/2/001538_044807_10.jpg
206,/vinbrain/nguyenphan/label_2k_imgs_and_file_name/label_2k_imgs/2/001886_002520_10.jpg
207,/vinbrain/nguyenphan/label_2k_imgs_and_file_name/label_2k_imgs/2/001798_052584_10.jpg
208,/vinbrain/nguyenphan/label_2k_imgs_and_file_name/label_2k_imgs/2/001650_049913_10.jpg
209,/vinbrain/nguyenphan/label_2k_imgs_and_file_name/label_2k_imgs/2/001878_000577_10.jpg
210,/vinbrain/nguyenphan/label_2k_imgs_and_file_name/label_2k_imgs/2/001616_048395_10.jpg
211,/vinbrain/nguyenphan/label_2k_imgs_and_file_name/label_2k_imgs/2/001616_048416_10.jpg
212,/vinbrain/nguyenphan/label_2k_imgs_and_file_name/label_2k_imgs/2/001920_005115_10.jpg
213,/vinbrain/nguyenphan/label_2k_imgs_and_file_name/label_2k_imgs/2/001910_003456_10.jpg
214,/vinbrain/nguyenphan/label_2k_imgs_and_file_name/label_2k_imgs/2/001910_003461_10.jpg
215,/vinbrain/nguyenphan/label_2k_imgs_and_file_name/label_2k_imgs/2/001841_000011_10.jpg
216,/vinbrain/nguyenphan/label_2k_imgs_and_file_name/label_2k_imgs/2/001650_049919_10.jpg
217,/vinbrain/nguyenphan/label_2k_imgs_and_file_name/label_2k_imgs/2/001934_006511_10.jpg
218,/vinbrain/nguyenphan/label_2k_imgs_and_file_name/label_2k_imgs/2/001880_001151_10.jpg
219,/vinbrain/nguyenphan/label_2k_imgs_and_file_name/label_2k_imgs/2/001754_051705_10.jpg
220,/vinbrain/nguyenphan/label_2k_imgs_and_file_name/label_2k_imgs/2/001933_006022_10.jpg
221,/vinbrain/nguyenphan/label_2k_imgs_and_file_name/label_2k_imgs/2/001810_052724_10.jpg
222,/vinbrain/nguyenphan/label_2k_imgs_and_file_name/label_2k_imgs/2/001640_048559_10.jpg
223,/vinbrain/nguyenphan/label_2k_imgs_and_file_name/label_2k_imgs/2/001933_005929_10.jpg
224,/vinbrain/nguyenphan/label_2k_imgs_and_file_name/label_2k_imgs/2/001884_002455_10.jpg
225,/vinbrain/nguyenphan/label_2k_imgs_and_file_name/label_2k_imgs/2/001910_003345_10.jpg
226,/vinbrain/nguyenphan/label_2k_imgs_and_file_name/label_2k_imgs/2/001920_005106_10.jpg
227,/vinbrain/nguyenphan/label_2k_imgs_and_file_name/label_2k_imgs/2/001810_052728_10.jpg
228,/vinbrain/nguyenphan/label_2k_imgs_and_file_name/label_2k_imgs/2/001920_004889_10.jpg
229,/vinbrain/nguyenphan/label_2k_imgs_and_file_name/label_2k_imgs/2/001918_004524_10.jpg
230,/vinbrain/nguyenphan/label_2k_imgs_and_file_name/label_2k_imgs/2/001880_001812_10.jpg
231,/vinbrain/nguyenphan/label_2k_imgs_and_file_name/label_2k_imgs/2/001714_050834_10.jpg
232,/vinbrain/nguyenphan/label_2k_imgs_and_file_name/label_2k_imgs/2/001714_050836_10.jpg
233,/vinbrain/nguyenphan/label_2k_imgs_and_file_name/label_2k_imgs/2/001934_006387_10.jpg
234,/vinbrain/nguyenphan/label_2k_imgs_and_file_name/label_2k_imgs/2/001910_003671_10.jpg
235,/vinbrain/nguyenphan/label_2k_imgs_and_file_name/label_2k_imgs/2/001920_005320_10.jpg
236,/vinbrain/nguyenphan/label_2k_imgs_and_file_name/label_2k_imgs/2/001910_003691_10.jpg
237,/vinbrain/nguyenphan/label_2k_imgs_and_file_name/label_2k_imgs/2/001910_003866_10.jpg
238,/vinbrain/nguyenphan/label_2k_imgs_and_file_name/label_2k_imgs/2/001729_051071_10.jpg
239,/vinbrain/nguyenphan/label_2k_imgs_and_file_name/label_2k_imgs/2/001854_000359_10.jpg
240,/vinbrain/nguyenphan/label_2k_imgs_and_file_name/label_2k_imgs/2/001918_004435_10.jpg
241,/vinbrain/nguyenphan/label_2k_imgs_and_file_name/label_2k_imgs/2/001979_007321_10.jpg
242,/vinbrain/nguyenphan/label_2k_imgs_and_file_name/label_2k_imgs/2/001920_004871_10.jpg
243,/vinbrain/nguyenphan/label_2k_imgs_and_file_name/label_2k_imgs/2/001886_002600_10.jpg
244,/vinbrain/nguyenphan/label_2k_imgs_and_file_name/label_2k_imgs/2/001979_007327_10.jpg
245,/vinbrain/nguyenphan/label_2k_imgs_and_file_name/label_2k_imgs/2/001880_001804_10.jpg
246,/vinbrain/nguyenphan/label_2k_imgs_and_file_name/label_2k_imgs/2/001538_044640_10.jpg
247,/vinbrain/nguyenphan/label_2k_imgs_and_file_name/label_2k_imgs/2/001884_002461_10.jpg
248,/vinbrain/nguyenphan/label_2k_imgs_and_file_name/label_2k_imgs/2/001738_051147_10.jpg
249,/vinbrain/nguyenphan/label_2k_imgs_and_file_name/label_2k_imgs/2/001920_005001_10.jpg
